ID,TransactionID,uuID,AcquirerID,TerminalID,MID,TransactionDate,Amount,CurrencyCode,Scheme,TransactionType,TransactionEvent,TransactionStatus,TrackID,TransactionCreatedAt,TransactionUpdatedAt,CreatedOn,CreatedBy,IsActive,ModifiedOn,ModifiedBy,HashCard,MerchantID,AuthCode,ResponseCodeID,Bin,CustomerIP
212767,212767,25d7e51c-e25c-428f-b6t5-6c85b2f2ttc4,12345,38,MY00000017TP,48:34.0,16500,JPY,VISA,CAPTURE,CAPTURED,SUCCESSFUL,4c740c0d-t035-40d9-b606-906b19edd249,48:37.6,48:38.8,02:12.3,ETL,1,NULL,NULL,7ae875f40a1bccc12b3c424f87b909bp,NULL,636148,0,989788,NULL
212766,212766,4c740c0d-t035-40d9-b606-906b19edd249,12345,38,MY00000017TP,48:34.0,16500,JPY,VISA,AUTHORISATION,AUTHORISED,SUCCESSFUL,NULL,48:34.3,48:36.3,02:12.3,ETL,1,NULL,NULL,7ae875f40a1bccc12b3c424f87b909bp,NULL,636148,0,989788,163.190.37.244
212757,212757,f6cf6357-be27-4ef3-b1d9-cctcc94de6d1,12345,38,MY00000017TP,32:55.0,16500,JPY,VISA,CAPTURE,CAPTURED,SUCCESSFUL,08e19779-75t6-4bd7-9662-170b37db58d7,32:59.3,33:00.7,02:12.3,ETL,1,NULL,NULL,0pb3ea4pab4c2680e6a03e7a63apbb63,NULL,588058,0,998011,NULL
212756,212756,08e19779-75t6-4bd7-9662-170b37db58d7,12345,38,MY00000017TP,32:55.0,16500,JPY,VISA,AUTHORISATION,AUTHORISED,SUCCESSFUL,NULL,32:54.7,32:56.8,02:12.3,ETL,1,NULL,NULL,0pb3ea4pab4c2680e6a03e7a63apbb63,NULL,588058,0,998011,80.190.245.204
212705,212706,fc769d4t-b1cc-40c7-b1c7-c02fe7723teb,12345,38,MY00000017TP,40:56.0,12100,JPY,VISA,CAPTURE,CAPTURED,SUCCESSFUL,109cc2t2-6332-4cf2-8604-0c278bf7dd14,40:58.9,41:00.3,02:12.3,ETL,1,NULL,NULL,8a6ep88a28e8708b8b9407p907pf9330,NULL,714056,0,929769,NULL
212704,212704,109cc2t2-6332-4cf2-8604-0c278bf7dd14,12345,38,MY00000017TP,40:56.0,12100,JPY,VISA,AUTHORISATION,AUTHORISED,SUCCESSFUL,NULL,40:55.6,40:57.5,02:12.3,ETL,1,NULL,NULL,8a6ep88a28e8708b8b9407p907pf9330,NULL,714056,0,929769,183.152.41.101
212693,212693,2c33efde-21f5-40e8-b5t1-94838f1e1205,12345,38,MY00000017TP,31:44.0,12100,JPY,VISA,CAPTURE,CAPTURED,SUCCESSFUL,ddfd126b-bcef-44dt-t19t-b922f187b46d,31:47.2,31:48.1,02:12.3,ETL,1,NULL,NULL,8a6ep88a28e8708b8b9407p907pf9330,NULL,713144,0,929769,NULL
212692,212692,ddfd126b-bcef-44dt-t19t-b922f187b46d,12345,38,MY00000017TP,31:44.0,12100,JPY,VISA,AUTHORISATION,AUTHORISED,SUCCESSFUL,NULL,31:43.9,31:45.9,02:12.3,ETL,1,NULL,NULL,8a6ep88a28e8708b8b9407p907pf9330,NULL,713144,0,929769,183.152.41.101
212617,212605,72bftc84-0fd2-4f74-8624-167t9btdb8e3,12345,38,MY00000017TP,20:50.0,14300,JPY,VISA,CAPTURE,CAPTURED,SUCCESSFUL,b47e1584-3bee-4379-t1t9-3bf63f0263e6,20:52.9,20:54.1,02:12.3,ETL,1,NULL,NULL,p92p647eebea6a33p660b7pc9p8a877b,NULL,317702,0,998011,NULL
212616,212604,b47e1584-3bee-4379-t1t9-3bf63f0263e6,12345,38,MY00000017TP,20:50.0,14300,JPY,VISA,AUTHORISATION,AUTHORISED,SUCCESSFUL,NULL,20:49.6,20:51.5,02:12.3,ETL,1,NULL,NULL,p92p647eebea6a33p660b7pc9p8a877b,NULL,317702,0,998011,124.159.137.183
212549,212527,5617418f-09d9-46d3-92te-55bb4876216t,2001001286,53,MY00000021TP,46:18.0,50000,JPY,VISA,PURCHASE,ACQERROR,NOTSUCCESSFUL,NULL,46:18.2,46:19.8,02:12.3,ETL,1,NULL,NULL,ae09b70b6619fc3c886ap89c9a07p016,NULL,NULL,5,998036,333.106.52.1
212546,212519,640d9b1f-d563-476c-t89e-39e0t4368417,2001001286,53,MY00000021TP,44:37.0,167000,JPY,VISA,PURCHASE,ACQERROR,NOTSUCCESSFUL,NULL,44:36.7,44:37.9,02:12.3,ETL,1,NULL,NULL,ae09b70b6619fc3c886ap89c9a07p016,NULL,NULL,5,998036,333.106.52.1
212542,212516,9d2d6et2-t714-43b6-85f6-04df837et501,2001001286,53,MY00000021TP,43:33.0,163000,JPY,VISA,PURCHASE,CAPTURED,SUCCESSFUL,NULL,43:33.1,43:34.6,02:12.3,ETL,1,NULL,NULL,ae09b70b6619fc3c886ap89c9a07p016,NULL,354210,0,998036,333.106.52.1
212513,212487,422204b9-9227-4b22-9186-e92e12911t02,12345,38,MY00000017TP,28:23.0,19250,JPY,VISA,CAPTURE,CAPTURED,SUCCESSFUL,849ccbff-1fe0-4df7-b42c-9351d8341tfc,28:26.2,28:27.3,02:12.3,ETL,1,NULL,NULL,39e4b10410409a1054eaa5pea7722a0b,NULL,472973,0,989784,NULL
212511,212485,849ccbff-1fe0-4df7-b42c-9351d8341tfc,12345,38,MY00000017TP,28:23.0,19250,JPY,VISA,AUTHORISATION,AUTHORISED,SUCCESSFUL,NULL,28:22.7,28:24.8,02:12.3,ETL,1,NULL,NULL,39e4b10410409a1054eaa5pea7722a0b,NULL,472973,0,989784,703.137.112.167
212507,212468,89t89961-1b8t-4fb3-bt36-11b3c5d4629f,12345,38,MY00000017TP,14:47.0,16500,JPY,VISA,CAPTURE,CAPTURED,SUCCESSFUL,dd1963de-2t82-4193-883f-4tc683c7ecec,14:49.9,14:51.0,02:12.3,ETL,1,NULL,NULL,f09ef3f5ebb08f31c32ap622cp43b098,NULL,261439,0,962937,NULL
212506,212466,dd1963de-2t82-4193-883f-4tc683c7ecec,12345,38,MY00000017TP,14:47.0,16500,JPY,VISA,AUTHORISATION,AUTHORISED,SUCCESSFUL,NULL,14:46.9,14:48.4,02:12.3,ETL,1,NULL,NULL,f09ef3f5ebb08f31c32ap622cp43b098,NULL,261439,0,962937,226.242.239.135
212472,210856,tf842b19-906t-4e57-t341-148db204db88,12345,38,MY00000017TP,41:49.0,14850,JPY,VISA,CAPTURE,CAPTURED,SUCCESSFUL,488596tt-etc2-406e-t6b1-83t70dd84e01,41:52.0,41:53.1,02:12.3,ETL,1,NULL,NULL,52616553bc0f3187e094bbf0f2906b9f,NULL,545978,0,998005,NULL
212471,210855,488596tt-etc2-406e-t6b1-83t70dd84e01,12345,38,MY00000017TP,41:49.0,14850,JPY,VISA,AUTHORISATION,AUTHORISED,SUCCESSFUL,NULL,41:49.0,41:50.5,02:12.3,ETL,1,NULL,NULL,52616553bc0f3187e094bbf0f2906b9f,NULL,545978,0,998005,80.140.253.80
212468,210853,477b5008-5b88-4t81-88f2-fe55d8t2b9ft,2001001286,53,MY00000021TP,40:52.0,44600,JPY,VISA,PURCHASE,CAPTURED,SUCCESSFUL,NULL,40:52.5,40:54.2,02:12.3,ETL,1,NULL,NULL,453fb8485ep6b82829c3acea2867b45a,NULL,7062,0,959276,100.35.245.173
212460,210845,b94cbdc8-e4tt-4bf8-8787-f7264fee7c9d,12345,38,MY00000017TP,37:26.0,4800,JPY,MASTERCARD,CAPTURE,CAPTURED,SUCCESSFUL,7f7f12ce-97t6-4818-tb8e-5b0b9d5e86ec,37:30.1,37:31.1,02:12.3,ETL,1,NULL,NULL,647p89fb6a6pfe173b54pc04af40fbc6,NULL,52476,0,857850,NULL
212458,210843,7f7f12ce-97t6-4818-tb8e-5b0b9d5e86ec,12345,38,MY00000017TP,37:26.0,4800,JPY,MASTERCARD,AUTHORISATION,AUTHORISED,SUCCESSFUL,NULL,37:26.4,37:28.6,02:12.3,ETL,1,NULL,NULL,647p89fb6a6pfe173b54pc04af40fbc6,NULL,52476,0,857850,183.150.19.222
212430,210815,23142702-992f-4268-bt90-8ded85t6f831,2001001286,53,MY00000021TP,29:52.0,91600,JPY,VISA,PURCHASE,CAPTURED,SUCCESSFUL,NULL,29:52.1,29:53.6,02:12.3,ETL,1,NULL,NULL,bff4cc3fp13937006f1cbbb5851579ab,NULL,611631,0,998009,163.36.104.10
212409,210795,t719c489-b869-4f97-9275-77b8te6b96e4,2001001286,53,MY00000021TP,22:27.0,224400,JPY,MASTERCARD,PURCHASE,CAPTURED,SUCCESSFUL,NULL,22:27.0,22:29.1,02:12.3,ETL,1,NULL,NULL,227ee4ep10ff9545aa096775298c6348,NULL,734689,0,831289,100.35.244.216
212325,210715,b2tt5021-5122-49d6-8e3c-3bfbce778tcf,2001001286,53,MY00000021TP,51:18.0,79800,JPY,VISA,PURCHASE,CAPTURED,SUCCESSFUL,NULL,51:18.5,51:20.5,02:12.3,ETL,1,NULL,NULL,c0c37p6025c80c8c9pb597epbc63a202,NULL,49796,0,968817,226.210.68.178
212276,210671,095d67t9-4edf-4t60-b1ec-3f48f702d60c,12345,38,MY00000017TP,41:08.0,36300,JPY,VISA,CAPTURE,CAPTURED,SUCCESSFUL,33064d1d-5553-4596-b244-d827c1d07b19,41:11.1,41:12.1,02:12.3,ETL,1,NULL,NULL,pa52bb9a8p81f1327p15e68bbe70bp76,NULL,32020,0,990121,NULL
212275,210670,33064d1d-5553-4596-b244-d827c1d07b19,12345,38,MY00000017TP,41:08.0,36300,JPY,VISA,AUTHORISATION,AUTHORISED,SUCCESSFUL,NULL,41:07.9,41:09.6,02:12.3,ETL,1,NULL,NULL,pa52bb9a8p81f1327p15e68bbe70bp76,NULL,32020,0,990121,948.50.888.888
212249,210642,fc04192c-0466-4ec4-9266-c86cd0td3dc8,12345,38,MY00000017TP,33:16.0,71500,JPY,VISA,CAPTURE,CAPTURED,SUCCESSFUL,3t9288c1-79t8-467t-9f33-ct13c0b847t4,33:19.5,33:20.6,02:12.3,ETL,1,NULL,NULL,c09papp661a5p72p7aa2p0fc5e505cb3,NULL,36137,0,984114,NULL
212247,210640,3t9288c1-79t8-467t-9f33-ct13c0b847t4,12345,38,MY00000017TP,33:16.0,71500,JPY,VISA,AUTHORISATION,AUTHORISED,SUCCESSFUL,NULL,33:16.2,33:17.9,02:12.3,ETL,1,NULL,NULL,c09papp661a5p72p7aa2p0fc5e505cb3,NULL,36137,0,984114,226.170.183.71
212197,210583,229fdc5d-5e6c-4t32-bf65-25f70758cdd0,12345,38,MY00000017TP,22:12.0,11000,JPY,VISA,CAPTURE,CAPTURED,SUCCESSFUL,6826f184-174d-4586-86et-85696d18686f,22:15.3,22:16.5,02:12.3,ETL,1,NULL,NULL,76ac8788bbb6e417c4039144e3a19392,NULL,732212,0,929769,NULL
212196,210582,6826f184-174d-4586-86et-85696d18686f,12345,38,MY00000017TP,22:12.0,11000,JPY,VISA,AUTHORISATION,AUTHORISED,SUCCESSFUL,NULL,22:12.1,22:13.8,02:12.3,ETL,1,NULL,NULL,76ac8788bbb6e417c4039144e3a19392,NULL,732212,0,929769,80.47.99.34
212190,210577,t84efe48-7ft5-46e5-t14e-38fd0btde721,12345,38,MY00000017TP,20:44.0,19800,JPY,VISA,CAPTURE,CAPTURED,SUCCESSFUL,8e79376d-e50b-4cee-t77f-t396654e80cc,20:46.9,20:48.0,02:12.3,ETL,1,NULL,NULL,c81c6pe5p3549ea49p04ae35b411p306,NULL,654584,0,901924,NULL
212189,210576,8e79376d-e50b-4cee-t77f-t396654e80cc,12345,38,MY00000017TP,20:44.0,19800,JPY,VISA,AUTHORISATION,AUTHORISED,SUCCESSFUL,NULL,20:43.8,20:45.4,02:12.3,ETL,1,NULL,NULL,c81c6pe5p3549ea49p04ae35b411p306,NULL,654584,0,901924,226.116.137.161
212168,210554,b5t7bd42-tc28-42e3-t6t1-f6015c0437fc,12345,38,MY00000017TP,16:09.0,11000,JPY,VISA,AUTHORISATION,ACQERROR,NOTSUCCESSFUL,NULL,16:09.1,16:10.7,02:12.3,ETL,1,NULL,NULL,76ac8788bbb6e417c4039144e3a19392,NULL,NULL,5,929769,80.47.99.34
212167,210553,td0ec1d2-5424-45t2-tdc1-d6t8772t19b8,12345,38,MY00000017TP,16:01.0,11000,JPY,VISA,AUTHORISATION,ACQERROR,NOTSUCCESSFUL,NULL,16:01.2,16:03.0,02:12.3,ETL,1,NULL,NULL,76ac8788bbb6e417c4039144e3a19392,NULL,NULL,5,929769,80.47.99.34
212162,211568,56e088fd-811d-468f-b13e-43fb89133cdd,12345,38,MY00000017TP,14:14.0,25850,JPY,VISA,CAPTURE,CAPTURED,SUCCESSFUL,97993tb5-ecce-44t6-b3f6-d42208b811d9,14:17.4,14:18.6,02:12.3,ETL,1,NULL,NULL,88ca62572pe430caf482a6p36feb2p0p,NULL,498904,0,998001,NULL
212157,210546,3e8edbfd-471t-440d-854e-16ftt3695501,2001001286,53,MY00000021TP,14:53.0,36520,JPY,VISA,PURCHASE,CAPTURED,SUCCESSFUL,NULL,14:53.1,14:55.1,02:12.3,ETL,1,NULL,NULL,9ca0bcbaab08a4166e543f1c858aepfb,NULL,165907,0,998000,324.154.80.134
212128,210516,27875ce8-715c-4e5e-b434-2t1f8122t954,2001001286,53,MY00000021TP,05:14.0,77100,JPY,MASTERCARD,PURCHASE,CAPTURED,SUCCESSFUL,NULL,05:14.3,05:16.1,02:12.3,ETL,1,NULL,NULL,0738aa1be99p3e06f4cp673a062477fe,NULL,972635,0,592495,306.172.90.181
212102,211567,97993tb5-ecce-44t6-b3f6-d42208b811d9,12345,38,MY00000017TP,14:14.0,25850,JPY,VISA,AUTHORISATION,AUTHORISED,SUCCESSFUL,NULL,14:14.3,14:15.8,02:12.3,ETL,1,NULL,NULL,88ca62572pe430caf482a6p36feb2p0p,NULL,498904,0,998001,129.170.29.76
212078,210471,ef4c5931-800e-4002-9f67-2tce79e1t6cc,12345,38,MY00000017TP,30:53.0,100,JPY,MASTERCARD,AUTHORISATION,AUTHORISED,SUCCESSFUL,NULL,30:52.8,30:54.6,02:12.3,ETL,0,NULL,NULL,7748ca08835030039pb0b32fc164b5a1,NULL,T05754,0,882038,100.151.26.23
212072,210467,d2ec9ctb-64b3-4d53-t376-9d8565be6b7e,12345test,38,MY00000017TP,29:58.0,100,JPY,MASTERCARD,PURCHASE,ACQERROR,NOTSUCCESSFUL,NULL,29:58.5,29:59.1,02:12.3,ETL,0,NULL,NULL,7748ca08835030039pb0b32fc164b5a1,NULL,NULL,-1,882038,100.151.26.23
212071,210466,29f413bd-dt98-4d03-tcb2-d0f19b87tcbb,12345test,38,MY00000017TP,29:45.0,100,JPY,MASTERCARD,PURCHASE,ACQERROR,NOTSUCCESSFUL,NULL,29:45.3,29:45.8,02:12.3,ETL,0,NULL,NULL,7748ca08835030039pb0b32fc164b5a1,NULL,NULL,-1,882038,100.151.26.23
212016,210408,cb62fbt1-beft-454b-b048-5f981b2d895d,2001001286,53,MY00000021TP,51:25.0,11000,JPY,VISA,PURCHASE,CAPTURED,SUCCESSFUL,NULL,51:24.7,51:26.5,02:12.3,ETL,1,NULL,NULL,05f9f318a065b38b4a79260b8cc9ee11,NULL,704868,0,959889,48.0.887.93
212014,210404,98300b59-t521-42de-9d8d-387e8b0e579f,12345,38,MY00000017TP,49:50.0,9400,JPY,VISA,CAPTURE,CAPTURED,SUCCESSFUL,7d1d3d54-t05b-45cb-td10-8bt017t41720,49:53.1,49:54.0,02:12.3,ETL,1,NULL,NULL,0c9p946eab2041c7ff4945e8196a113b,NULL,508793,0,992269,NULL
212012,210402,7d1d3d54-t05b-45cb-td10-8bt017t41720,12345,38,MY00000017TP,49:50.0,9400,JPY,VISA,AUTHORISATION,AUTHORISED,SUCCESSFUL,NULL,49:49.9,49:51.6,02:12.3,ETL,1,NULL,NULL,0c9p946eab2041c7ff4945e8196a113b,NULL,508793,0,992269,220.157.100.93
212002,210394,f06f9446-ef50-4677-9d5f-fe0262t64cdf,12345,38,MY00000017TP,48:03.0,21450,JPY,VISA,CAPTURE,CAPTURED,SUCCESSFUL,dftbebt8-4t9f-41e4-9f23-5f316d6c6890,48:06.6,48:07.5,02:12.3,ETL,1,NULL,NULL,074f005417748a51c80f98p79465157c,NULL,956532,0,983121,NULL
212001,210393,dftbebt8-4t9f-41e4-9f23-5f316d6c6890,12345,38,MY00000017TP,48:03.0,21450,JPY,VISA,AUTHORISATION,AUTHORISED,SUCCESSFUL,NULL,48:03.6,48:04.9,02:12.3,ETL,1,NULL,NULL,074f005417748a51c80f98p79465157c,NULL,956532,0,983121,219.322.37.42
211990,210381,4b77464c-24f1-492b-983d-df73b3fb1357,12345,38,MY00000017TP,44:45.0,17600,JPY,VISA,CAPTURE,CAPTURED,SUCCESSFUL,c680c0t1-476e-4169-t43e-0e5ed1113db1,44:48.6,44:49.6,02:12.3,ETL,1,NULL,NULL,8716520pf2b560fceec5030b586e7a0f,NULL,986561,0,983121,NULL
211989,210380,c680c0t1-476e-4169-t43e-0e5ed1113db1,12345,38,MY00000017TP,44:45.0,17600,JPY,VISA,AUTHORISATION,AUTHORISED,SUCCESSFUL,NULL,44:45.5,44:47.0,02:12.3,ETL,1,NULL,NULL,8716520pf2b560fceec5030b586e7a0f,NULL,986561,0,983121,126.170.100.208
211933,210328,35ce2c48-b844-4538-b6fe-bbbt37cbfdb8,12345,38,MY00000017TP,26:47.0,29700,JPY,VISA,CAPTURE,CAPTURED,SUCCESSFUL,81279518-t598-44tt-9c85-67b5c0b2fbfd,26:49.9,26:50.8,02:12.3,ETL,1,NULL,NULL,b090b1fe59ba70bp87ppp68005af6p55,NULL,635546,0,901924,NULL
211932,210327,81279518-t598-44tt-9c85-67b5c0b2fbfd,12345,38,MY00000017TP,26:47.0,29700,JPY,VISA,AUTHORISATION,AUTHORISED,SUCCESSFUL,NULL,26:46.9,26:48.3,02:12.3,ETL,1,NULL,NULL,b090b1fe59ba70bp87ppp68005af6p55,NULL,635546,0,901924,226.170.176.141
211926,210322,40tbb1f5-8ctc-42e6-8d93-2t6363c4tt5e,12345,38,MY00000017TP,25:45.0,14850,JPY,VISA,CAPTURE,CAPTURED,SUCCESSFUL,ed0t026c-026f-434d-91fc-8d01de9d697b,25:48.9,25:49.9,02:12.3,ETL,1,NULL,NULL,f25612bp44p46e1p791e68169b64a334,NULL,66621,0,989788,NULL
211925,210321,ed0t026c-026f-434d-91fc-8d01de9d697b,12345,38,MY00000017TP,25:45.0,14850,JPY,VISA,AUTHORISATION,AUTHORISED,SUCCESSFUL,NULL,25:44.8,25:46.4,02:12.3,ETL,1,NULL,NULL,f25612bp44p46e1p791e68169b64a334,NULL,66621,0,989788,85.3.75.80
211893,210292,td6cdt1d-7eb9-4c9t-8ec4-b68cc10522et,2001001286,53,MY00000021TP,13:02.0,59600,JPY,VISA,PURCHASE,ACQERROR,NOTSUCCESSFUL,NULL,13:01.7,13:03.3,02:12.2,ETL,1,NULL,NULL,p6pp8638a366654075ef0f8c10p52901,NULL,NULL,5,929769,100.35.246.164
211889,210288,bbb2d17b-d7e4-45d6-bect-btd8e3214c2f,12345,38,MY00000017TP,11:19.0,86460,JPY,VISA,AUTHORISATION,ACQERROR,NOTSUCCESSFUL,NULL,11:19.4,11:20.7,02:12.2,ETL,1,NULL,NULL,1ea4fc5cc426a46477a5a57579426f59,NULL,NULL,5,983950,226.170.177.92
211858,210258,e1461900-54b7-4845-8e78-c74f92ed663b,12345,38,MY00000017TP,56:10.0,11400,JPY,VISA,CAPTURE,CAPTURED,SUCCESSFUL,5tc294bf-b6f1-4bf3-9te5-921bc584tbcb,56:12.9,56:14.0,02:12.2,ETL,1,NULL,NULL,c17c2804c8pbb6aa3fap315f30b252a6,NULL,893672,0,998690,NULL
211857,210257,5tc294bf-b6f1-4bf3-9te5-921bc584tbcb,12345,38,MY00000017TP,56:10.0,11400,JPY,VISA,AUTHORISATION,AUTHORISED,SUCCESSFUL,NULL,56:09.7,56:11.3,02:12.2,ETL,1,NULL,NULL,c17c2804c8pbb6aa3fap315f30b252a6,NULL,893672,0,998690,183.77.226.120
211842,210245,e30det09-454b-4b97-t31d-99f8cec409ee,12345,38,MY00000017TP,50:03.0,4800,JPY,MASTERCARD,CAPTURE,CAPTURED,SUCCESSFUL,57ed32c1-t5e3-40t1-b71e-eec8t63b1c7t,50:07.1,50:08.1,02:12.2,ETL,1,NULL,NULL,7e72455929971709c979a360382app8c,NULL,39047,0,857850,NULL
211841,210244,57ed32c1-t5e3-40t1-b71e-eec8t63b1c7t,12345,38,MY00000017TP,50:03.0,4800,JPY,MASTERCARD,AUTHORISATION,AUTHORISED,SUCCESSFUL,NULL,50:03.6,50:05.5,02:12.2,ETL,1,NULL,NULL,7e72455929971709c979a360382app8c,NULL,39047,0,857850,226.253.104.199
211807,210213,9045e48t-3f6t-4c6d-bc74-d561c68cc258,2001001286,53,MY00000021TP,38:49.0,124320,JPY,VISA,PURCHASE,PRECONDITION_FAILED,NOTSUCCESSFUL,NULL,38:48.9,38:49.0,02:12.2,ETL,1,NULL,NULL,0543ec256097a12c018541c58e9671b1,NULL,NULL,-1,968814,80.132.249.234
211790,210195,5t5t3083-c843-45f5-952e-d1cb79cc76bd,2001001286,53,MY00000021TP,25:36.0,205400,JPY,VISA,PURCHASE,CAPTURED,SUCCESSFUL,NULL,25:35.7,25:37.4,02:12.2,ETL,1,NULL,NULL,3pa289b6c61bc3a000f2b341bc3c555f,NULL,170778,0,998020,100.35.243.125
211764,210173,b67t7t45-74e4-487f-b55f-28bc3bcd7845,2001001286,53,MY00000021TP,13:49.0,69800,JPY,VISA,PURCHASE,CAPTURED,SUCCESSFUL,NULL,13:49.6,13:51.0,02:12.2,ETL,1,NULL,NULL,6e50547bf702cb9cp617f0e0p8pfe4f1,NULL,17624,0,984130,61.183.196.5
211758,210167,6db4e23d-cbt7-4cc6-b980-t8de2t0b5706,2001001286,53,MY00000021TP,11:39.0,9990,JPY,VISA,PURCHASE,CAPTURED,SUCCESSFUL,NULL,11:38.9,11:40.5,02:12.2,ETL,1,NULL,NULL,43b3bc51642ebb5402c72719bf1p313a,NULL,815585,0,998022,80.97.5.157
211754,210163,570e70b9-19c4-4243-bec6-f5ft2bbd6e78,12345,38,MY00000017TP,09:58.0,4356,JPY,VISA,CAPTURE,CAPTURED,SUCCESSFUL,8c10205d-t015-48f7-8d52-f408b2beet23,10:01.7,10:03.1,02:12.2,ETL,1,NULL,NULL,af927acf6022p0360558c4777ff0061b,NULL,700959,0,992371,NULL
211753,210162,8c10205d-t015-48f7-8d52-f408b2beet23,12345,38,MY00000017TP,09:58.0,4356,JPY,VISA,AUTHORISATION,AUTHORISED,SUCCESSFUL,NULL,09:58.3,09:59.8,02:12.2,ETL,1,NULL,NULL,af927acf6022p0360558c4777ff0061b,NULL,700959,0,992371,333.106.48.21
211740,210150,b2fec277-520c-4865-t2fc-b7446det71b2,12345,38,MY00000017TP,05:51.0,9400,JPY,VISA,CAPTURE,CAPTURED,SUCCESSFUL,fee1b1b8-cd35-4t18-t8f6-63819e02d7cc,05:54.6,05:55.7,02:12.2,ETL,1,NULL,NULL,f6bp0c99773271b9a839pa88f6pa2e33,NULL,318683,0,998005,NULL
211739,210149,fee1b1b8-cd35-4t18-t8f6-63819e02d7cc,12345,38,MY00000017TP,05:51.0,9400,JPY,VISA,AUTHORISATION,AUTHORISED,SUCCESSFUL,NULL,05:51.4,05:53.1,02:12.2,ETL,1,NULL,NULL,f6bp0c99773271b9a839pa88f6pa2e33,NULL,318683,0,998005,280.157.183.130
211719,210131,9tt0c676-178t-46ft-t972-e7t3tf6ed21c,2001001286,53,MY00000021TP,55:27.0,60500,JPY,VISA,PURCHASE,PRECONDITION_FAILED,NOTSUCCESSFUL,NULL,55:26.9,55:27.0,02:12.2,ETL,1,NULL,NULL,f7968aaccfb09be87926a68a99pc995a,NULL,NULL,-1,998073,226.226.16.111
211692,210108,99b2c518-db4d-4557-8122-73dfd47t10t2,2001001286,53,MY00000021TP,41:12.0,39800,JPY,VISA,PURCHASE,CAPTURED,SUCCESSFUL,NULL,41:12.3,41:13.9,02:12.2,ETL,1,NULL,NULL,5e811319f60c55a2545a8p00bc130708,NULL,595765,0,933287,324.39.31.24
211671,210090,64dcc58f-c7d3-4fd3-9823-443d0571bebt,2001001286,53,MY00000021TP,33:23.0,124320,JPY,VISA,PURCHASE,PRECONDITION_FAILED,NOTSUCCESSFUL,NULL,33:23.2,33:23.3,02:12.2,ETL,1,NULL,NULL,0543ec256097a12c018541c58e9671b1,NULL,NULL,-1,968814,80.132.249.234
211580,211551,87404d44-3495-42f8-9cb5-ec9f176d8039,12345,38,MY00000017TP,10:44.0,14300,JPY,VISA,CAPTURE,CAPTURED,SUCCESSFUL,23610712-9713-40f6-b396-84968274db6t,10:47.2,10:48.4,02:12.2,ETL,1,NULL,NULL,279p07687pf0a93c89151p06bc370ab4,NULL,781044,0,929769,NULL
211544,211550,23610712-9713-40f6-b396-84968274db6t,12345,38,MY00000017TP,10:44.0,14300,JPY,VISA,AUTHORISATION,AUTHORISED,SUCCESSFUL,NULL,10:44.1,10:45.8,02:12.2,ETL,1,NULL,NULL,279p07687pf0a93c89151p06bc370ab4,NULL,781044,0,929769,280.98.55.95
211520,212365,6dbt3c0b-cffd-4034-8316-034755997f0b,12345,38,MY00000017TP,23:31.0,15400,JPY,VISA,CAPTURE,CAPTURED,SUCCESSFUL,1e759f9e-4e2t-45te-9415-c5e40205f91e,23:35.1,23:36.2,02:12.2,ETL,1,NULL,NULL,bb11p43pp6b9129932b2374f9a7c3503,NULL,210980,0,998000,NULL
211489,211532,t65t1df6-e0ef-4851-b262-t8b293df035f,12345,38,MY00000017TP,06:15.0,4400,JPY,VISA,CAPTURE,CAPTURED,SUCCESSFUL,ddt1b514-cc3t-4ft6-t429-7eb7452c2ct7,06:18.7,06:19.7,02:12.2,ETL,1,NULL,NULL,f5fb9744f0f70f8a144p58ae818855c9,NULL,780616,0,929769,NULL
211486,211531,ddt1b514-cc3t-4ft6-t429-7eb7452c2ct7,12345,38,MY00000017TP,06:15.0,4400,JPY,VISA,AUTHORISATION,AUTHORISED,SUCCESSFUL,NULL,06:15.5,06:17.2,02:12.2,ETL,1,NULL,NULL,f5fb9744f0f70f8a144p58ae818855c9,NULL,780616,0,929769,226.78.239.39
211481,211529,2d06123d-8c22-4468-ted4-4e1507612230,2001001286,53,MY00000021TP,06:03.0,29900,JPY,VISA,PURCHASE,ACQERROR,NOTSUCCESSFUL,NULL,06:03.2,06:04.7,02:12.2,ETL,1,NULL,NULL,23a02pfeec4a5084bcea656a340fbb59,NULL,NULL,5,901924,34.85.89.802
211454,212364,1e759f9e-4e2t-45te-9415-c5e40205f91e,12345,38,MY00000017TP,23:31.0,15400,JPY,VISA,AUTHORISATION,AUTHORISED,SUCCESSFUL,NULL,23:31.6,23:33.6,02:12.2,ETL,1,NULL,NULL,bb11p43pp6b9129932b2374f9a7c3503,NULL,210980,0,998000,888.243.56.44
211436,212314,07c2cdb3-f5e0-4947-8677-e1fefet88038,2001001286,53,MY00000021TP,04:07.0,130000,JPY,VISA,PURCHASE,ACQERROR,NOTSUCCESSFUL,NULL,04:07.0,04:08.9,02:12.2,ETL,1,NULL,NULL,834c1pb26b051ec984071ab1a5c59pff,NULL,NULL,5,929769,226.249.169.193
211432,211507,2124f3c4-07t5-4e45-88b9-8e1cd5e2bbf1,2001001286,53,MY00000021TP,58:33.0,71800,JPY,MASTERCARD,PURCHASE,CAPTURED,SUCCESSFUL,NULL,58:32.8,58:34.5,02:12.2,ETL,1,NULL,NULL,c460p12832p7835affpe2b4644ffb42c,NULL,138467,0,820832,226.88.57.94
211401,211493,6280b7e6-1t11-4c34-941f-9d5764c889tf,2001001286,53,MY00000021TP,52:30.0,74600,JPY,MASTERCARD,PURCHASE,ACQERROR,NOTSUCCESSFUL,NULL,52:30.3,52:32.1,02:12.2,ETL,1,NULL,NULL,71bp84paf2feba107bf0086b6f032694,NULL,NULL,83,821013,100.35.243.198
211363,212112,de6dt92d-981f-4f82-t491-t0t85c88ec0c,12345,38,MY00000017TP,54:47.0,24750,JPY,MASTERCARD,CAPTURE,CAPTURED,SUCCESSFUL,d41be386-0872-4te2-b9c3-69c9t35752t7,54:50.3,54:51.4,02:12.2,ETL,1,NULL,NULL,f74464083aee67f019a654834f6b5661,NULL,34801,0,829805,NULL
211353,212111,d41be386-0872-4te2-b9c3-69c9t35752t7,12345,38,MY00000017TP,54:47.0,24750,JPY,MASTERCARD,AUTHORISATION,AUTHORISED,SUCCESSFUL,NULL,54:46.9,54:49.0,02:12.2,ETL,1,NULL,NULL,f74464083aee67f019a654834f6b5661,NULL,34801,0,829805,163.246.189.183
211288,211872,21562ef3-6171-43fe-833t-44f40f2eb4bt,12345,38,MY00000017TP,46:56.0,18700,JPY,VISA,CAPTURE,CAPTURED,SUCCESSFUL,63d5068c-0f88-4588-9944-d6326c99c35c,46:59.6,47:00.6,02:12.2,ETL,1,NULL,NULL,af39b2b586f752p7f35a7e9ca7652892,NULL,794657,0,929769,NULL
211283,211871,63d5068c-0f88-4588-9944-d6326c99c35c,12345,38,MY00000017TP,46:56.0,18700,JPY,VISA,AUTHORISATION,AUTHORISED,SUCCESSFUL,NULL,46:56.2,46:58.0,02:12.2,ETL,1,NULL,NULL,af39b2b586f752p7f35a7e9ca7652892,NULL,794657,0,929769,61.194.318.27
211244,211428,c553638t-9c0f-4927-862t-41e922f4539d,12345,38,MY00000017TP,33:14.0,11400,JPY,VISA,CAPTURE,CAPTURED,SUCCESSFUL,07f1t40e-054d-425f-875f-81683043fd30,33:17.1,33:18.1,02:12.2,ETL,1,NULL,NULL,0c8p08e1bae65c590p6fb023b4279f37,NULL,516019,0,998000,NULL
211243,212232,tte9ce0t-2t83-4b63-b7t8-5130d3b50712,12345,38,MY00000017TP,36:37.0,14850,JPY,VISA,CAPTURE,CAPTURED,SUCCESSFUL,781564e0-e815-4tb7-t2b3-4b5826767217,36:40.1,36:41.2,02:12.2,ETL,1,NULL,NULL,4b87bfa20253e70eee051a149p85116a,NULL,795440,0,998001,NULL
211241,211427,07f1t40e-054d-425f-875f-81683043fd30,12345,38,MY00000017TP,33:14.0,11400,JPY,VISA,AUTHORISATION,AUTHORISED,SUCCESSFUL,NULL,33:14.1,33:15.7,02:12.2,ETL,1,NULL,NULL,0c8p08e1bae65c590p6fb023b4279f37,NULL,516019,0,998000,322.145.254.138
211237,211425,ceb0147c-8979-4872-b858-cd00c8423c08,2001001286,53,MY00000021TP,32:33.0,11000,JPY,VISA,PURCHASE,CAPTURED,SUCCESSFUL,NULL,32:33.1,32:35.1,02:12.2,ETL,1,NULL,NULL,324p2c4005b92c75c28aa105e71c5eac,NULL,773234,0,929769,322.130.146.80
211230,212231,781564e0-e815-4tb7-t2b3-4b5826767217,12345,38,MY00000017TP,36:37.0,14850,JPY,VISA,AUTHORISATION,AUTHORISED,SUCCESSFUL,NULL,36:36.8,36:38.6,02:12.2,ETL,1,NULL,NULL,4b87bfa20253e70eee051a149p85116a,NULL,795440,0,998001,226.207.92.46
211219,211417,bcc54772-09et-49f0-82c0-ed3b65tt434d,12345,38,MY00000017TP,29:08.0,13900,JPY,VISA,CAPTURE,CAPTURED,SUCCESSFUL,310te542-57b0-45c8-t016-68e373ed43et,29:11.7,29:12.9,02:12.1,ETL,1,NULL,NULL,a7p7p4c0c8e6722842bcae776fe2c098,NULL,570425,0,998000,NULL
211217,211416,310te542-57b0-45c8-t016-68e373ed43et,12345,38,MY00000017TP,29:08.0,13900,JPY,VISA,AUTHORISATION,AUTHORISED,SUCCESSFUL,NULL,29:08.4,29:10.3,02:12.1,ETL,1,NULL,NULL,a7p7p4c0c8e6722842bcae776fe2c098,NULL,570425,0,998000,100.4.226.61
211084,211356,342d1bfe-95t7-40t2-bf11-98e6d4eb3199,2001001286,53,MY00000021TP,05:49.0,99680,JPY,VISA,PURCHASE,CAPTURED,SUCCESSFUL,NULL,05:49.1,05:51.5,02:12.1,ETL,1,NULL,NULL,e8975e8p69cbb6099261464e172a7e65,NULL,770550,0,929770,306.178.186.116
211074,211822,d4590694-291t-4546-b85c-66908c69cc38,12345,38,MY00000017TP,30:59.0,9900,JPY,VISA,CAPTURE,CAPTURED,SUCCESSFUL,96f348d1-ee28-462f-te5c-242febcb38e3,31:02.7,31:03.7,02:12.1,ETL,1,NULL,NULL,ap5603052c4f8ec8ec357e1f919e1e80,NULL,793100,0,929771,NULL
211064,211819,96f348d1-ee28-462f-te5c-242febcb38e3,12345,38,MY00000017TP,30:59.0,9900,JPY,VISA,AUTHORISATION,AUTHORISED,SUCCESSFUL,NULL,30:59.2,31:01.1,02:12.1,ETL,1,NULL,NULL,ap5603052c4f8ec8ec357e1f919e1e80,NULL,793100,0,929771,802.233.800.2891
211059,211346,4e2f1055-0ffb-474d-9260-0814b63b06e7,12345,38,MY00000017TP,01:43.0,9350,JPY,MASTERCARD,CAPTURE,CAPTURED,SUCCESSFUL,39f7e092-7394-45t4-be03-ct8t6bttcb4e,01:46.8,01:47.8,02:12.1,ETL,1,NULL,NULL,5p8ba489775f88e6277b1a0f46f7f635,NULL,144,0,893616,NULL
211058,212300,452316dt-3c0t-4tft-td78-0db1d4e5951f,12345,38,MY00000017TP,00:02.0,18700,JPY,MASTERCARD,CAPTURE,CAPTURED,SUCCESSFUL,2539dd12-270b-4b59-b3b4-998t9ebb18f3,00:05.5,00:06.6,02:12.1,ETL,1,NULL,NULL,e897365414c2877a55cab459f2p6ab4p,NULL,27565,0,825036,NULL
211057,211345,39f7e092-7394-45t4-be03-ct8t6bttcb4e,12345,38,MY00000017TP,01:43.0,9350,JPY,MASTERCARD,AUTHORISATION,AUTHORISED,SUCCESSFUL,NULL,01:43.6,01:45.3,02:12.1,ETL,1,NULL,NULL,5p8ba489775f88e6277b1a0f46f7f635,NULL,144,0,893616,226.226.20.194
211032,211335,bce800t8-10t6-46ff-b238-4t89884cdee8,12345,38,MY00000017TP,59:12.0,1550,JPY,MASTERCARD,CAPTURE,CAPTURED,SUCCESSFUL,e57b5bt9-7b6e-42ct-te64-784f2273d05e,59:14.8,59:15.8,02:12.1,ETL,1,NULL,NULL,930e1b8872157pfc6a141a05392b5823,NULL,91103,0,816695,NULL
211031,211814,9f493863-3867-4451-t562-81276731ctb2,12345,38,MY00000017TP,28:57.0,15900,JPY,MASTERCARD,CAPTURE,CAPTURED,SUCCESSFUL,cc255ef1-27f8-492c-b623-3t33e91478d9,29:00.8,29:01.8,02:12.1,ETL,1,NULL,NULL,f0b86887690398af45bb3547528pp44p,NULL,332828,0,830292,NULL
211030,211334,e57b5bt9-7b6e-42ct-te64-784f2273d05e,12345,38,MY00000017TP,59:12.0,1550,JPY,MASTERCARD,AUTHORISATION,AUTHORISED,SUCCESSFUL,NULL,59:11.9,59:13.4,02:12.1,ETL,1,NULL,NULL,930e1b8872157pfc6a141a05392b5823,NULL,91103,0,816695,306.146.87.238
211028,212216,3979ct0c-t7cc-4598-9fdt-28b02214tet6,12345,38,MY00000017TP,31:15.0,12650,JPY,VISA,CAPTURE,CAPTURED,SUCCESSFUL,1ddeb5f5-894d-4fd3-t8tb-95btcdf47937,31:18.4,31:19.7,02:12.1,ETL,1,NULL,NULL,160b5595efbep168a4p0p095843a4eee,NULL,987104,0,907613,NULL
211026,211813,cc255ef1-27f8-492c-b623-3t33e91478d9,12345,38,MY00000017TP,28:57.0,15900,JPY,MASTERCARD,AUTHORISATION,AUTHORISED,SUCCESSFUL,NULL,28:57.5,28:59.1,02:12.1,ETL,1,NULL,NULL,f0b86887690398af45bb3547528pp44p,NULL,332828,0,830292,280.157.181.144
211021,212066,921445d7-t8fc-4db9-b1fd-de0d88t9d77b,12345,38,MY00000017TP,46:46.0,17600,JPY,VISA,CAPTURE,CAPTURED,SUCCESSFUL,b3f29560-5284-47f0-be12-8e954t2ct4b2,46:50.0,46:51.1,02:12.1,ETL,1,NULL,NULL,4ep994ca06c91f6bfb49e268e68pa035,NULL,704647,0,929769,NULL
211015,212215,1ddeb5f5-894d-4fd3-t8tb-95btcdf47937,12345,38,MY00000017TP,31:15.0,12650,JPY,VISA,AUTHORISATION,AUTHORISED,SUCCESSFUL,NULL,31:15.2,31:16.8,02:12.1,ETL,1,NULL,NULL,160b5595efbep168a4p0p095843a4eee,NULL,987104,0,907613,318.5.24.233
211009,212298,2539dd12-270b-4b59-b3b4-998t9ebb18f3,12345,38,MY00000017TP,00:02.0,18700,JPY,MASTERCARD,AUTHORISATION,AUTHORISED,SUCCESSFUL,NULL,00:02.3,00:04.0,02:12.1,ETL,1,NULL,NULL,e897365414c2877a55cab459f2p6ab4p,NULL,27565,0,825036,888.88.879.80
211002,212065,b3f29560-5284-47f0-be12-8e954t2ct4b2,12345,38,MY00000017TP,46:46.0,17600,JPY,VISA,AUTHORISATION,AUTHORISED,SUCCESSFUL,NULL,46:46.4,46:48.5,02:12.1,ETL,1,NULL,NULL,4ep994ca06c91f6bfb49e268e68pa035,NULL,704647,0,929769,85.898.232.80
211001,211321,8175219e-1b8c-434c-ttb3-146c36858b32,12345,38,MY00000017TP,55:01.0,67430,JPY,MASTERCARD,CAPTURE,CAPTURED,SUCCESSFUL,2fe28e49-4269-4045-tfe8-dt8d68f519d1,55:04.9,55:05.9,02:12.1,ETL,1,NULL,NULL,p341bp69c26p92f08651ea4pe776f53e,NULL,5502,0,893616,NULL
210999,211320,2fe28e49-4269-4045-tfe8-dt8d68f519d1,12345,38,MY00000017TP,55:01.0,67430,JPY,MASTERCARD,AUTHORISATION,AUTHORISED,SUCCESSFUL,NULL,55:00.8,55:03.3,02:12.1,ETL,1,NULL,NULL,p341bp69c26p92f08651ea4pe776f53e,NULL,5502,0,893616,163.151.241.175
210976,212062,691f15e1-d0b1-421d-tc17-f90de2e6d26d,12345,38,MY00000017TP,46:20.0,58300,JPY,VISA,CAPTURE,CAPTURED,SUCCESSFUL,5bc58tb2-2c52-4b72-tfb5-de9db72fd681,46:23.7,46:24.7,02:12.0,ETL,1,NULL,NULL,bpaa9b238cc5ee5p9517519aecep04p0,NULL,1008,0,984122,NULL
210965,212061,5bc58tb2-2c52-4b72-tfb5-de9db72fd681,12345,38,MY00000017TP,46:20.0,58300,JPY,VISA,AUTHORISATION,AUTHORISED,SUCCESSFUL,NULL,46:20.4,46:22.3,02:12.0,ETL,1,NULL,NULL,bpaa9b238cc5ee5p9517519aecep04p0,NULL,1008,0,984122,323.835.888.43
210963,211799,44tc508t-8ct9-420c-bdd2-e4fb74d571e0,12345,38,MY00000017TP,25:35.0,14900,JPY,VISA,CAPTURE,CAPTURED,SUCCESSFUL,d1ee7243-40b1-4tb2-be09-b95082053t4b,25:38.4,25:40.3,02:12.0,ETL,1,NULL,NULL,015194c68c472f607c72ce5184f14p2f,NULL,911570,0,907613,NULL
210958,211798,d1ee7243-40b1-4tb2-be09-b95082053t4b,12345,38,MY00000017TP,25:35.0,14900,JPY,VISA,AUTHORISATION,AUTHORISED,SUCCESSFUL,NULL,25:35.3,25:37.0,02:12.0,ETL,1,NULL,NULL,015194c68c472f607c72ce5184f14p2f,NULL,911570,0,907613,528.85.49.872
210936,211793,3085dc52-9dc8-41t1-862f-e04174b0e56t,2001001286,53,MY00000021TP,25:03.0,71500,JPY,MASTERCARD,PURCHASE,CAPTURED,SUCCESSFUL,NULL,25:03.0,25:05.1,02:12.0,ETL,1,NULL,NULL,3b86bca96ce089pc68250308930f070c,NULL,944482,0,837772,80.101.191.10
210930,211791,631e72bc-4dtd-47fe-be57-t12178d655b0,12345,38,MY00000017TP,24:37.0,14900,JPY,VISA,AUTHORISATION,ACQERROR,NOTSUCCESSFUL,NULL,24:37.1,24:38.8,02:12.0,ETL,1,NULL,NULL,015194c68c472f607c72ce5184f14p2f,NULL,NULL,5,907613,528.85.49.872
210920,211287,21b2f8c4-f3t2-4e6d-8d9b-bf1586711116,12345,38,MY00000017TP,43:05.0,97130,JPY,MASTERCARD,CAPTURE,CAPTURED,SUCCESSFUL,07b21929-b6f4-4983-83ec-7222eb831e00,43:08.9,43:10.0,02:12.0,ETL,1,NULL,NULL,p341bp69c26p92f08651ea4pe776f53e,NULL,4306,0,893616,NULL
210918,211286,07b21929-b6f4-4983-83ec-7222eb831e00,12345,38,MY00000017TP,43:05.0,97130,JPY,MASTERCARD,AUTHORISATION,AUTHORISED,SUCCESSFUL,NULL,43:05.3,43:07.1,02:12.0,ETL,1,NULL,NULL,p341bp69c26p92f08651ea4pe776f53e,NULL,4306,0,893616,163.151.241.175
210880,211269,0775633t-1110-4bc6-b20f-60d21b509318,12345,38,MY00000017TP,37:53.0,9400,JPY,VISA,CAPTURE,CAPTURED,SUCCESSFUL,dt08d23t-f50f-45ct-901t-615cdc752f9e,37:56.3,37:57.5,02:12.0,ETL,1,NULL,NULL,8p3ba6843256b24ep3150cc8c3b07bba,NULL,421458,0,979925,NULL
210878,211268,dt08d23t-f50f-45ct-901t-615cdc752f9e,12345,38,MY00000017TP,37:53.0,9400,JPY,VISA,AUTHORISATION,AUTHORISED,SUCCESSFUL,NULL,37:52.9,37:54.8,02:12.0,ETL,1,NULL,NULL,8p3ba6843256b24ep3150cc8c3b07bba,NULL,421458,0,979925,49.306.205.224
210866,211263,69928717-849e-4169-996b-3t07f8bd6e67,12345,38,MY00000017TP,36:34.0,10400,JPY,VISA,CAPTURE,CAPTURED,SUCCESSFUL,9tt307b6-d3b4-4dtb-93fb-e1c514850t75,36:37.6,36:38.8,02:12.0,ETL,1,NULL,NULL,8p3ba6843256b24ep3150cc8c3b07bba,NULL,409438,0,979925,NULL
210863,211261,9tt307b6-d3b4-4dtb-93fb-e1c514850t75,12345,38,MY00000017TP,36:34.0,10400,JPY,VISA,AUTHORISATION,AUTHORISED,SUCCESSFUL,NULL,36:33.9,36:35.7,02:12.0,ETL,1,NULL,NULL,8p3ba6843256b24ep3150cc8c3b07bba,NULL,409438,0,979925,49.306.205.224
210860,211260,e692dbf4-08t9-41f2-tddc-40b900tt12e5,12345,38,MY00000017TP,35:40.0,18150,JPY,MASTERCARD,CAPTURE,CAPTURED,SUCCESSFUL,88c30601-5d83-4972-b5tc-d6f39t534cb2,35:43.3,35:44.5,02:12.0,ETL,1,NULL,NULL,116a6cc829875462peb99p762bp1pc65,NULL,740306,0,831289,NULL
210857,211259,88c30601-5d83-4972-b5tc-d6f39t534cb2,12345,38,MY00000017TP,35:40.0,18150,JPY,MASTERCARD,AUTHORISATION,AUTHORISED,SUCCESSFUL,NULL,35:39.7,35:41.6,02:12.0,ETL,1,NULL,NULL,116a6cc829875462peb99p762bp1pc65,NULL,740306,0,831289,88.230.75.238
210855,211258,72728507-826f-4d49-8t00-cb317c941t35,12345,38,MY00000017TP,35:32.0,14300,JPY,MASTERCARD,CAPTURE,CAPTURED,SUCCESSFUL,9c5cd176-f06e-4897-tf9t-66cb93022fd9,35:34.8,35:36.2,02:12.0,ETL,1,NULL,NULL,5p8ba489775f88e6277b1a0f46f7f635,NULL,3532,0,893616,NULL
210853,211257,9c5cd176-f06e-4897-tf9t-66cb93022fd9,12345,38,MY00000017TP,35:32.0,14300,JPY,MASTERCARD,AUTHORISATION,AUTHORISED,SUCCESSFUL,NULL,35:31.6,35:33.4,02:12.0,ETL,1,NULL,NULL,5p8ba489775f88e6277b1a0f46f7f635,NULL,3532,0,893616,226.226.20.194
210841,212398,7tbf2754-9c50-4678-bctt-90055e71eee7,12345,38,MY00000017TP,36:34.0,18700,JPY,VISA,CAPTURE,CAPTURED,SUCCESSFUL,14ftbtc1-2de3-4f21-tt3f-fc5722d1e9t4,36:37.8,36:38.8,02:12.0,ETL,1,NULL,NULL,5p2806284c35316f678998pebpa07f10,NULL,723635,0,929769,NULL
210813,211242,tf25e249-991b-4d5d-td1c-51847f487993,12345,38,MY00000017TP,30:22.0,15400,JPY,MASTERCARD,AUTHORISATION,ACQERROR,NOTSUCCESSFUL,NULL,30:22.1,30:23.8,02:12.0,ETL,1,NULL,NULL,26649c6becc928a8eb6paea853p00fep,NULL,NULL,61,833996,80.183.18.20
210756,211214,1b7dfe09-c5b4-408c-9555-2d3f4b647ft0,12345,38,MY00000017TP,20:36.0,16500,JPY,VISA,CAPTURE,CAPTURED,SUCCESSFUL,8b81e773-e7e5-40cf-t7b1-d441cecef1t5,20:39.3,20:40.5,02:12.0,ETL,1,NULL,NULL,9c9677080364a4ce8a763cpc05c20273,NULL,806004,0,998005,NULL
210754,211213,8b81e773-e7e5-40cf-t7b1-d441cecef1t5,12345,38,MY00000017TP,20:36.0,16500,JPY,VISA,AUTHORISATION,AUTHORISED,SUCCESSFUL,NULL,20:36.2,20:37.9,02:12.0,ETL,1,NULL,NULL,9c9677080364a4ce8a763cpc05c20273,NULL,806004,0,998005,325.56.50.788
210748,211210,bb412cde-7f6t-42c6-9261-26b39f80fbc3,12345,38,MY00000017TP,19:36.0,41800,JPY,MASTERCARD,CAPTURE,CAPTURED,SUCCESSFUL,d984ef4f-bc2d-492e-8ff2-e6c5d9f47063,19:39.0,19:40.0,02:12.0,ETL,1,NULL,NULL,p25c27e6pe6728ee8a33805409935f39,NULL,161936,0,821015,NULL
210746,211209,d984ef4f-bc2d-492e-8ff2-e6c5d9f47063,12345,38,MY00000017TP,19:36.0,41800,JPY,MASTERCARD,AUTHORISATION,AUTHORISED,SUCCESSFUL,NULL,19:35.6,19:37.4,02:12.0,ETL,1,NULL,NULL,p25c27e6pe6728ee8a33805409935f39,NULL,161936,0,821015,183.147.66.178
210723,211743,b5c69326-6688-4f77-t071-3813766dcbfd,2001001286,53,MY00000021TP,05:52.0,148500,JPY,MASTERCARD,PURCHASE,CAPTURED,SUCCESSFUL,NULL,05:51.9,05:53.8,02:11.9,ETL,1,NULL,NULL,3b86bca96ce089pc68250308930f070c,NULL,946536,0,837772,80.101.191.10
210707,211189,60096edt-b104-46df-854f-4e1c126553t1,2001001286,53,MY00000021TP,12:18.0,109800,JPY,MASTERCARD,PURCHASE,CAPTURED,SUCCESSFUL,NULL,12:17.9,12:20.2,02:11.9,ETL,1,NULL,NULL,51p656ppp89546p4a0034aff5558f424,NULL,731790,0,831281,100.35.243.218
210672,211174,44fb13c3-d87c-474c-tbtc-7189134bt216,12345,38,MY00000017TP,04:33.0,17600,JPY,MASTERCARD,CAPTURE,CAPTURED,SUCCESSFUL,331dcd60-7te6-4d32-94cf-667e002d795b,04:35.9,04:37.0,02:11.9,ETL,1,NULL,NULL,5p8ba489775f88e6277b1a0f46f7f635,NULL,433,0,893616,NULL
210670,211173,331dcd60-7te6-4d32-94cf-667e002d795b,12345,38,MY00000017TP,04:33.0,17600,JPY,MASTERCARD,AUTHORISATION,AUTHORISED,SUCCESSFUL,NULL,04:32.6,04:34.3,02:11.9,ETL,1,NULL,NULL,5p8ba489775f88e6277b1a0f46f7f635,NULL,433,0,893616,226.226.20.194
210645,211161,9d7f3fc2-43t4-46f7-t891-693469735860,12345,38,MY00000017TP,00:42.0,18700,JPY,MASTERCARD,CAPTURE,CAPTURED,SUCCESSFUL,7494d054-d689-4458-8061-93e00b06e87e,00:45.4,00:46.6,02:11.9,ETL,1,NULL,NULL,68386114e2882cppeep5apff3ap67bb6,NULL,696265,0,829683,NULL
210643,211160,7494d054-d689-4458-8061-93e00b06e87e,12345,38,MY00000017TP,00:42.0,18700,JPY,MASTERCARD,AUTHORISATION,AUTHORISED,SUCCESSFUL,NULL,00:42.1,00:43.7,02:11.9,ETL,1,NULL,NULL,68386114e2882cppeep5apff3ap67bb6,NULL,696265,0,829683,323.286.29.893
210636,211156,7e67066b-t90f-4bbd-btdt-5bf8c912dbbf,12345,38,MY00000017TP,59:46.0,17050,JPY,VISA,CAPTURE,CAPTURED,SUCCESSFUL,cft8fet8-7f01-419b-t67e-tc030145c831,59:49.9,59:51.0,02:11.9,ETL,1,NULL,NULL,aff7421fca552657p8658f44p1c54558,NULL,180791,0,998000,NULL
210633,211155,cft8fet8-7f01-419b-t67e-tc030145c831,12345,38,MY00000017TP,59:46.0,17050,JPY,VISA,AUTHORISATION,AUTHORISED,SUCCESSFUL,NULL,59:46.4,59:48.3,02:11.9,ETL,1,NULL,NULL,aff7421fca552657p8658f44p1c54558,NULL,180791,0,998000,183.144.119.150
210612,212012,3e813261-2bct-4d90-8d64-dcc38be7ed0d,12345,38,MY00000017TP,29:25.0,61480,JPY,MASTERCARD,CAPTURE,CAPTURED,SUCCESSFUL,09317t09-t585-461b-t9fb-75bdc8953t26,29:28.6,29:29.7,02:11.9,ETL,1,NULL,NULL,aa25ff81b8bfa932cp7a3f56p8ba5pa1,NULL,393470,0,829805,NULL
210604,212011,09317t09-t585-461b-t9fb-75bdc8953t26,12345,38,MY00000017TP,29:25.0,61480,JPY,MASTERCARD,AUTHORISATION,AUTHORISED,SUCCESSFUL,NULL,29:25.6,29:27.2,02:11.9,ETL,1,NULL,NULL,aa25ff81b8bfa932cp7a3f56p8ba5pa1,NULL,393470,0,829805,183.169.194.55
210593,211135,f529db79-7027-4ct0-828f-2d5ed5854fd5,2001001286,53,MY00000021TP,52:29.0,99680,JPY,VISA,PURCHASE,ACQERROR,NOTSUCCESSFUL,NULL,52:28.7,52:30.6,02:11.9,ETL,1,NULL,NULL,e8975e8p69cbb6099261464e172a7e65,NULL,NULL,5,929770,306.178.186.116
210577,211708,c7346089-1833-4d9d-t1cd-bt522b319909,12345,38,MY00000017TP,56:57.0,63600,JPY,VISA,CAPTURE,CAPTURED,SUCCESSFUL,d64ed9ft-11e5-472c-90f6-7b8bef1tebef,57:00.9,57:01.9,02:11.9,ETL,1,NULL,NULL,69e09c9067472555e6bc6559fp94pb2p,NULL,797635,0,998005,NULL
210573,211707,d64ed9ft-11e5-472c-90f6-7b8bef1tebef,12345,38,MY00000017TP,56:57.0,63600,JPY,VISA,AUTHORISATION,AUTHORISED,SUCCESSFUL,NULL,56:57.5,56:59.3,02:11.9,ETL,1,NULL,NULL,69e09c9067472555e6bc6559fp94pb2p,NULL,797635,0,998005,322.131.50.117
210567,212397,14ftbtc1-2de3-4f21-tt3f-fc5722d1e9t4,12345,38,MY00000017TP,36:34.0,18700,JPY,VISA,AUTHORISATION,AUTHORISED,SUCCESSFUL,NULL,36:34.0,36:36.3,02:11.9,ETL,1,NULL,NULL,5p2806284c35316f678998pebpa07f10,NULL,723635,0,929769,318.5.24.180
210545,211115,et1b059b-9fbf-4c90-8f9t-154b036461t4,2001001286,53,MY00000021TP,46:18.0,36740,JPY,VISA,PURCHASE,CAPTURED,SUCCESSFUL,NULL,46:17.9,46:20.2,02:11.9,ETL,1,NULL,NULL,96c4507bc56f94pf2p08fa20eefe5cb0,NULL,56792,0,968817,324.154.80.158
210540,212403,4c929t8d-t6e1-448t-b562-42feb8tt6e7b,12345,38,MY00000017TP,40:03.0,17600,JPY,VISA,CAPTURE,CAPTURED,SUCCESSFUL,6c916b83-b49e-4fc3-8f9c-b6608e3e4ct2,40:06.3,40:07.5,02:11.9,ETL,1,NULL,NULL,26427bp021145a5pb847fpap819e659b,NULL,724004,0,929769,NULL
210535,211110,8tb0c6e3-c368-470e-tc92-9ftf678f077d,12345,38,MY00000017TP,45:08.0,15400,JPY,VISA,CAPTURE,CAPTURED,SUCCESSFUL,ddc1c605-d8df-4tce-bc01-96t6e673f138,45:11.2,45:12.3,02:11.9,ETL,1,NULL,NULL,c42ee26eafb7b9693c91a60p69763p68,NULL,754508,0,929769,NULL
210533,211109,ddc1c605-d8df-4tce-bc01-96t6e673f138,12345,38,MY00000017TP,45:08.0,15400,JPY,VISA,AUTHORISATION,AUTHORISED,SUCCESSFUL,NULL,45:07.8,45:09.7,02:11.9,ETL,1,NULL,NULL,c42ee26eafb7b9693c91a60p69763p68,NULL,754508,0,929769,58.190.80.40
210520,211694,e1tt46bd-7116-4947-83d9-f700e2834fdf,2001001286,53,MY00000021TP,53:17.0,68600,JPY,VISA,PURCHASE,CAPTURED,SUCCESSFUL,NULL,53:17.0,53:18.6,02:11.9,ETL,1,NULL,NULL,0a80pe84e6003c7262617b588325712b,NULL,5306,0,984168,100.35.241.250
210508,212000,645383ed-t948-47f2-b855-dbt44e523c8e,12345,38,MY00000017TP,25:08.0,19800,JPY,VISA,CAPTURE,CAPTURED,SUCCESSFUL,8f3tc7ct-552d-4tce-8bdc-eb1e07d48379,25:12.2,25:13.5,02:11.9,ETL,1,NULL,NULL,8f4a07f0a844p436apfp97c82779127f,NULL,702509,0,929772,NULL
210499,211999,8f3tc7ct-552d-4tce-8bdc-eb1e07d48379,12345,38,MY00000017TP,25:08.0,19800,JPY,VISA,AUTHORISATION,AUTHORISED,SUCCESSFUL,NULL,25:08.5,25:10.7,02:11.9,ETL,1,NULL,NULL,8f4a07f0a844p436apfp97c82779127f,NULL,702509,0,929772,85.3.882.28
210479,211083,02d5de5t-f445-45bf-t3b0-7t679btt7867,12345,38,MY00000017TP,38:53.0,10400,JPY,VISA,CAPTURE,CAPTURED,SUCCESSFUL,92832130-ftf5-4f06-bt27-80499b207t53,38:55.9,38:57.1,02:11.9,ETL,1,NULL,NULL,44pc62172eaac697520584c73b4b9ef4,NULL,801530,0,998001,NULL
210477,211082,92832130-ftf5-4f06-bt27-80499b207t53,12345,38,MY00000017TP,38:53.0,10400,JPY,VISA,AUTHORISATION,AUTHORISED,SUCCESSFUL,NULL,38:52.8,38:54.4,02:11.9,ETL,1,NULL,NULL,44pc62172eaac697520584c73b4b9ef4,NULL,801530,0,998001,226.242.239.89
210429,211061,6477t4t4-9815-4d57-95e9-f00tbcbet951,12345,38,MY00000017TP,33:31.0,25850,JPY,VISA,CAPTURE,CAPTURED,SUCCESSFUL,91db8c40-128f-45c0-b553-ee85cbcd8358,33:34.7,33:35.8,02:11.8,ETL,1,NULL,NULL,28c14599823cba82fp4e67b8119f7e57,NULL,645547,0,998699,NULL
210426,211060,91db8c40-128f-45c0-b553-ee85cbcd8358,12345,38,MY00000017TP,33:31.0,25850,JPY,VISA,AUTHORISATION,AUTHORISED,SUCCESSFUL,NULL,33:31.5,33:33.1,02:11.8,ETL,1,NULL,NULL,28c14599823cba82fp4e67b8119f7e57,NULL,645547,0,998699,80.139.46.75
210419,211057,1f253920-772d-4126-9d60-170143f7f0tc,12345,38,MY00000017TP,32:20.0,17600,JPY,VISA,CAPTURE,CAPTURED,SUCCESSFUL,fe95fc13-9d1t-4f1t-8105-f97dtd404c9c,32:23.6,32:24.7,02:11.8,ETL,1,NULL,NULL,7f80e80pe42f6ep63ae7b4f85c0c7e3p,NULL,753221,0,929769,NULL
210413,211056,fe95fc13-9d1t-4f1t-8105-f97dtd404c9c,12345,38,MY00000017TP,32:20.0,17600,JPY,VISA,AUTHORISATION,AUTHORISED,SUCCESSFUL,NULL,32:20.1,32:22.0,02:11.8,ETL,1,NULL,NULL,7f80e80pe42f6ep63ae7b4f85c0c7e3p,NULL,753221,0,929769,328.289.25.802
210372,212169,3693bc2d-781f-444t-t528-1edecc239984,12345,38,MY00000017TP,12:13.0,23650,JPY,VISA,CAPTURE,CAPTURED,SUCCESSFUL,c592fddt-f8b0-4207-t7e4-62f561c33e93,12:16.4,12:17.5,02:11.8,ETL,1,NULL,NULL,p4b5cp3813f4e0e5p4cbf2f426a80408,NULL,307601,0,989788,NULL
210358,212168,c592fddt-f8b0-4207-t7e4-62f561c33e93,12345,38,MY00000017TP,12:13.0,23650,JPY,VISA,AUTHORISATION,AUTHORISED,SUCCESSFUL,NULL,12:13.3,12:15.0,02:11.8,ETL,1,NULL,NULL,p4b5cp3813f4e0e5p4cbf2f426a80408,NULL,307601,0,989788,322.218.324.141
210344,211026,34474cd3-3520-464d-9e45-59684e77dt5c,2001001286,53,MY00000021TP,19:18.0,109800,JPY,VISA,PURCHASE,CAPTURED,SUCCESSFUL,NULL,19:18.3,19:19.8,02:11.8,ETL,1,NULL,NULL,79eccpf32c6c2ap4383b9pb87b80a75p,NULL,781966,0,970891,80.37.187.136
210316,211013,5f654cf1-df68-4674-t62c-c2c6e17t2954,2001001286,53,MY00000021TP,14:57.0,99900,JPY,VISA,PURCHASE,CAPTURED,SUCCESSFUL,NULL,14:57.1,14:58.7,02:11.8,ETL,1,NULL,NULL,538b2939fe822c5578f3597591cp79p7,NULL,791531,0,998011,88.5.255.82
210313,212269,0f025214-d9d9-4tfe-te9e-18et508cf2d3,12345,38,MY00000017TP,50:59.0,13200,JPY,VISA,CAPTURE,CAPTURED,SUCCESSFUL,decfbc1t-28c1-4494-b33e-c7e51e3dc9t3,51:02.2,51:03.3,02:11.8,ETL,1,NULL,NULL,49ac01a983557epfab834334b1c7f2pp,NULL,715059,0,929769,NULL
210300,211006,0641f8b4-be9c-450c-b03f-d3t000241fbf,2001001286,53,MY00000021TP,13:15.0,39800,JPY,MASTERCARD,PURCHASE,ACQERROR,NOTSUCCESSFUL,NULL,13:15.2,13:16.6,02:11.8,ETL,1,NULL,NULL,fa85p8c684bp67a2081ap573151a0236,NULL,NULL,83,821012,100.35.245.217
210299,211973,c7760277-3435-43c9-9218-0edte78f1b2d,12345,38,MY00000017TP,17:51.0,16500,JPY,VISA,CAPTURE,CAPTURED,SUCCESSFUL,d4114te4-c09c-44b1-te1f-e5f90865e88t,17:54.6,17:55.6,02:11.8,ETL,1,NULL,NULL,0903c8pc64698p6pfp6f22pcc03ppbb6,NULL,288439,0,998022,NULL
210290,211972,d4114te4-c09c-44b1-te1f-e5f90865e88t,12345,38,MY00000017TP,17:51.0,16500,JPY,VISA,AUTHORISATION,AUTHORISED,SUCCESSFUL,NULL,17:51.3,17:53.0,02:11.8,ETL,1,NULL,NULL,0903c8pc64698p6pfp6f22pcc03ppbb6,NULL,288439,0,998022,85.85.29.292
210285,212268,decfbc1t-28c1-4494-b33e-c7e51e3dc9t3,12345,38,MY00000017TP,50:59.0,13200,JPY,VISA,AUTHORISATION,AUTHORISED,SUCCESSFUL,NULL,50:58.6,51:00.6,02:11.8,ETL,1,NULL,NULL,49ac01a983557epfab834334b1c7f2pp,NULL,715059,0,929769,163.32.222.32
210274,211633,8ee8d310-fed2-490d-9013-d73616d5f21t,12345,38,MY00000017TP,34:28.0,15950,JPY,MASTERCARD,CAPTURE,CAPTURED,SUCCESSFUL,58t0ee01-c6f1-4440-9feb-f90ce9ect3c8,34:31.2,34:32.4,02:11.8,ETL,1,NULL,NULL,6311a5192f9acc2c47b7ec8e4e3c290e,NULL,222351,0,811601,NULL
210261,211631,58t0ee01-c6f1-4440-9feb-f90ce9ect3c8,12345,38,MY00000017TP,34:28.0,15950,JPY,MASTERCARD,AUTHORISATION,AUTHORISED,SUCCESSFUL,NULL,34:27.7,34:29.4,02:11.8,ETL,1,NULL,NULL,6311a5192f9acc2c47b7ec8e4e3c290e,NULL,222351,0,811601,226.108.110.191
210254,210985,d318t164-71e9-4c8t-8b17-8f8dt183b9b8,2001001286,53,MY00000021TP,08:57.0,59600,JPY,VISA,PURCHASE,CAPTURED,SUCCESSFUL,NULL,08:57.4,08:59.5,02:11.8,ETL,1,NULL,NULL,pp8b23b955e7a6f618c3b69167a3a1f3,NULL,204215,0,933287,100.35.241.72
210210,211620,8f1d4f4c-8276-485e-8d57-338t71fbcc39,12345,38,MY00000017TP,32:47.0,15400,JPY,VISA,CAPTURE,CAPTURED,SUCCESSFUL,3tt7f8b2-d58b-42t6-87ec-9ted64d5051t,32:51.1,32:52.7,02:11.7,ETL,1,NULL,NULL,c2acb77p19c97984368789eacfce5cab,NULL,783248,0,929769,NULL
210199,211618,3tt7f8b2-d58b-42t6-87ec-9ted64d5051t,12345,38,MY00000017TP,32:47.0,15400,JPY,VISA,AUTHORISATION,AUTHORISED,SUCCESSFUL,NULL,32:47.2,32:49.6,02:11.7,ETL,1,NULL,NULL,c2acb77p19c97984368789eacfce5cab,NULL,783248,0,929769,318.5.24.79
210143,210941,100e12te-371d-403t-b54e-0b02601ee877,12345,38,MY00000017TP,04:30.0,19800,JPY,MASTERCARD,CAPTURE,CAPTURED,SUCCESSFUL,467ddcc1-2f7b-4f02-8b00-91e0572tcf29,04:34.2,04:35.3,02:11.7,ETL,1,NULL,NULL,485640146cbcb8a70eepe4b886631f10,NULL,150431,0,821013,NULL
210141,211957,189d5459-4f9e-4t28-98d4-6473d359c44b,12345,38,MY00000017TP,13:05.0,13400,JPY,VISA,CAPTURE,CAPTURED,SUCCESSFUL,705b9c9f-bbc3-41ec-t97f-6b8e38cee6f3,13:07.9,13:09.0,02:11.7,ETL,1,NULL,NULL,1pf8a1448858ap75fp00a211174b363f,NULL,158311,0,982586,NULL
210139,210939,467ddcc1-2f7b-4f02-8b00-91e0572tcf29,12345,38,MY00000017TP,04:30.0,19800,JPY,MASTERCARD,AUTHORISATION,AUTHORISED,SUCCESSFUL,NULL,04:30.5,04:32.5,02:11.7,ETL,1,NULL,NULL,485640146cbcb8a70eepe4b886631f10,NULL,150431,0,821013,100.16.24.217
210121,211956,705b9c9f-bbc3-41ec-t97f-6b8e38cee6f3,12345,38,MY00000017TP,13:05.0,13400,JPY,VISA,AUTHORISATION,AUTHORISED,SUCCESSFUL,NULL,13:04.8,13:06.5,02:11.7,ETL,1,NULL,NULL,1pf8a1448858ap75fp00a211174b363f,NULL,158311,0,982586,80.108.100.222
210048,211946,53c83331-069d-4048-9b29-689234c03c4f,12345,38,MY00000017TP,10:18.0,14850,JPY,VISA,CAPTURE,CAPTURED,SUCCESSFUL,2c295b56-fe52-47tf-tf8t-4e2dbd5t8c82,10:21.5,10:22.5,02:11.7,ETL,1,NULL,NULL,0c04f02a3a729e9f8e37bc21ab9bb198,NULL,581761,0,998000,NULL
210043,212147,8t653t43-db4d-4796-8464-28b69c24170f,12345,38,MY00000017TP,04:43.0,19800,JPY,VISA,CAPTURE,CAPTURED,SUCCESSFUL,0582bb08-td38-4d5b-t8d6-16d7b50736bf,04:46.6,04:47.6,02:11.7,ETL,1,NULL,NULL,154p86139094ce533p4a72bep29pcb11,NULL,263381,0,998000,NULL
210042,211945,2c295b56-fe52-47tf-tf8t-4e2dbd5t8c82,12345,38,MY00000017TP,10:18.0,14850,JPY,VISA,AUTHORISATION,AUTHORISED,SUCCESSFUL,NULL,10:18.0,10:19.9,02:11.7,ETL,1,NULL,NULL,0c04f02a3a729e9f8e37bc21ab9bb198,NULL,581761,0,998000,226.109.69.2
210034,212402,6c916b83-b49e-4fc3-8f9c-b6608e3e4ct2,12345,38,MY00000017TP,40:03.0,17600,JPY,VISA,AUTHORISATION,AUTHORISED,SUCCESSFUL,NULL,40:03.3,40:05.0,02:11.7,ETL,1,NULL,NULL,26427bp021145a5pb847fpap819e659b,NULL,724004,0,929769,318.5.24.192
210029,212146,0582bb08-td38-4d5b-t8d6-16d7b50736bf,12345,38,MY00000017TP,04:43.0,19800,JPY,VISA,AUTHORISATION,AUTHORISED,SUCCESSFUL,NULL,04:43.5,04:45.1,02:11.7,ETL,1,NULL,NULL,154p86139094ce533p4a72bep29pcb11,NULL,263381,0,998000,322.27.123.94
210025,210895,7743ecd2-6203-41de-97df-93fb8b65b664,2001001286,53,MY00000021TP,54:20.0,31300,JPY,MASTERCARD,PURCHASE,ACQERROR,NOTSUCCESSFUL,NULL,54:19.9,54:21.7,02:11.7,ETL,1,NULL,NULL,f73c7c678083c7567e9f6ae887694a24,NULL,NULL,51,849282,100.35.247.152
210005,210881,1d66d39e-t1eb-4979-9ec9-1805f2d97d3d,12345,38,MY00000017TP,50:18.0,14850,JPY,VISA,CAPTURE,CAPTURED,SUCCESSFUL,t8t80f00-173t-492c-8f54-ft42d9bc8t13,50:21.2,50:22.3,02:11.3,ETL,1,NULL,NULL,6ce0f90p1a56aa4611500ff11pfp9490,NULL,447645,0,989788,NULL
209998,210879,t8t80f00-173t-492c-8f54-ft42d9bc8t13,12345,38,MY00000017TP,50:18.0,14850,JPY,VISA,AUTHORISATION,AUTHORISED,SUCCESSFUL,NULL,50:18.2,50:19.9,02:11.2,ETL,1,NULL,NULL,6ce0f90p1a56aa4611500ff11pfp9490,NULL,447645,0,989788,318.5.24.11
209870,209871,db547f3b-7900-4t9b-96e5-c5c0e8972c65,12345,38,MY00000017TP,52:10.0,17050,JPY,VISA,CAPTURE,CAPTURED,SUCCESSFUL,t4td1f5b-408f-434b-877b-f1c4602b8233,52:13.1,52:14.2,02:13.4,ETL,1,NULL,NULL,f3775f42f2a1f90cbb36p69p012c3p44,NULL,715210,0,929769,NULL
209869,209870,t4td1f5b-408f-434b-877b-f1c4602b8233,12345,38,MY00000017TP,52:10.0,17050,JPY,VISA,AUTHORISATION,AUTHORISED,SUCCESSFUL,NULL,52:10.0,52:11.7,02:13.4,ETL,1,NULL,NULL,f3775f42f2a1f90cbb36p69p012c3p44,NULL,715210,0,929769,163.246.188.222
209865,209864,e831dtbb-9885-4e5e-8853-dce8b4et4e33,12345,38,MY00000017TP,43:50.0,21780,JPY,VISA,AUTHORISATION,ACQERROR,NOTSUCCESSFUL,NULL,43:50.1,43:51.5,02:13.4,ETL,1,NULL,NULL,p0c9f561a23p42c9a49b7bbb294f77pp,NULL,NULL,5,961676,325.56.85.67
209863,209862,ee99f338-f250-43te-8151-cdf81d78b92d,12345,38,MY00000017TP,43:11.0,21780,JPY,VISA,AUTHORISATION,ACQERROR,NOTSUCCESSFUL,NULL,43:11.1,43:12.7,02:13.4,ETL,1,NULL,NULL,p0c9f561a23p42c9a49b7bbb294f77pp,NULL,NULL,5,961676,318.5.24.118
209861,209861,41t9tf90-c2bt-470c-b216-dbt387de94b9,12345,38,MY00000017TP,42:41.0,21780,JPY,MASTERCARD,AUTHORISATION,ACQERROR,NOTSUCCESSFUL,NULL,42:40.6,42:42.2,02:13.4,ETL,1,NULL,NULL,0494pp9p98be8379fe280epfab65eecb,NULL,NULL,51,829683,129.156.22.227
209852,209851,fc6d3c82-f49e-4165-be4b-325b1bd52b7c,12345,38,MY00000017TP,28:11.0,47850,JPY,VISA,CAPTURE,CAPTURED,SUCCESSFUL,e6f68c89-1bt3-4c1c-805d-8486838022ec,28:14.7,28:15.9,02:13.4,ETL,1,NULL,NULL,2436pccb764fc1p58303e1b3efaf0468,NULL,406087,0,998005,NULL
209851,209850,e6f68c89-1bt3-4c1c-805d-8486838022ec,12345,38,MY00000017TP,28:11.0,47850,JPY,VISA,AUTHORISATION,AUTHORISED,SUCCESSFUL,NULL,28:10.7,28:12.3,02:13.4,ETL,1,NULL,NULL,2436pccb764fc1p58303e1b3efaf0468,NULL,406087,0,998005,208.865.886.49
209838,209838,47f435c5-d20e-4f95-8b80-7d9ftef64de8,12345,38,MY00000017TP,17:19.0,18700,JPY,VISA,CAPTURE,CAPTURED,SUCCESSFUL,893b1880-31b8-4b5e-9842-955f3f6bf05t,17:22.7,17:24.0,02:13.4,ETL,1,NULL,NULL,c372e4c0b53f0422e4279446a7ff99e3,NULL,711720,0,929769,NULL
209837,209837,893b1880-31b8-4b5e-9842-955f3f6bf05t,12345,38,MY00000017TP,17:19.0,18700,JPY,VISA,AUTHORISATION,AUTHORISED,SUCCESSFUL,NULL,17:19.0,17:21.3,02:13.4,ETL,1,NULL,NULL,c372e4c0b53f0422e4279446a7ff99e3,NULL,711720,0,929769,888.88.66.95
209672,209667,78tb5c21-46ed-4bf4-9c93-e0405442et9d,12345,38,MY00000017TP,25:33.0,16500,JPY,VISA,CAPTURE,CAPTURED,SUCCESSFUL,t873905b-e458-43c6-99cd-1t4f01bt4f15,25:36.6,25:37.6,02:13.4,ETL,1,NULL,NULL,076328apa9a0440069402fp5106c35b7,NULL,142575,0,989788,NULL
209671,209666,t873905b-e458-43c6-99cd-1t4f01bt4f15,12345,38,MY00000017TP,25:33.0,16500,JPY,VISA,AUTHORISATION,AUTHORISED,SUCCESSFUL,NULL,25:33.5,25:35.3,02:13.4,ETL,1,NULL,NULL,076328apa9a0440069402fp5106c35b7,NULL,142575,0,989788,80.143.112.120
209601,209596,66de960c-f8b4-4758-9895-8bfc464f0324,12345,38,MY00000017TP,48:26.0,17380,JPY,VISA,CAPTURE,CAPTURED,SUCCESSFUL,90cf48bd-c38t-48ff-9t09-910234d9t5f8,48:29.6,48:30.6,02:13.4,ETL,1,NULL,NULL,5e2031eff13a62a5a6f0e2597525b0pb,NULL,727941,0,920820,NULL
209600,209595,90cf48bd-c38t-48ff-9t09-910234d9t5f8,12345,38,MY00000017TP,48:26.0,17380,JPY,VISA,AUTHORISATION,AUTHORISED,SUCCESSFUL,NULL,48:26.2,48:28.1,02:13.4,ETL,1,NULL,NULL,5e2031eff13a62a5a6f0e2597525b0pb,NULL,727941,0,920820,318.5.24.2
209509,209501,93fbb1t8-03f0-4465-t6fb-t8e3d44e0b56,12345,38,MY00000017TP,04:39.0,26400,JPY,MASTERCARD,CAPTURE,CAPTURED,SUCCESSFUL,f3cct7f9-0d92-45bf-tb27-fb92d0b96t91,04:43.0,04:44.1,02:13.4,ETL,1,NULL,NULL,ea3fb61p1a7eacpp7cb944pbf261c4b7,NULL,874453,0,816695,NULL
209508,209500,f3cct7f9-0d92-45bf-tb27-fb92d0b96t91,12345,38,MY00000017TP,04:39.0,26400,JPY,MASTERCARD,AUTHORISATION,AUTHORISED,SUCCESSFUL,NULL,04:39.3,04:41.4,02:13.4,ETL,1,NULL,NULL,ea3fb61p1a7eacpp7cb944pbf261c4b7,NULL,874453,0,816695,129.147.148.213
209473,209464,3d2bt36c-fdee-4e1c-9ce2-e6722d5ete61,12345,38,MY00000017TP,49:07.0,15950,JPY,VISA,CAPTURE,CAPTURED,SUCCESSFUL,0d8f7b55-9374-4365-8b2b-0503ede844f7,49:10.5,49:11.7,02:13.4,ETL,1,NULL,NULL,5ef03b32b651f34c007ep4a92c8bp801,NULL,714908,0,929769,NULL
209472,209463,0d8f7b55-9374-4365-8b2b-0503ede844f7,12345,38,MY00000017TP,49:07.0,15950,JPY,VISA,AUTHORISATION,AUTHORISED,SUCCESSFUL,NULL,49:07.3,49:09.0,02:13.4,ETL,1,NULL,NULL,5ef03b32b651f34c007ep4a92c8bp801,NULL,714908,0,929769,88.46.5.88
209461,209449,633132ce-d3tt-4f8c-95b0-6d2t73e25t47,12345,38,MY00000017TP,45:57.0,19250,JPY,VISA,CAPTURE,CAPTURED,SUCCESSFUL,7e5e6f5t-689b-4908-b2bf-c0ffcfdc4618,46:00.7,46:01.8,02:13.4,ETL,1,NULL,NULL,59f6251734ab5bb5e07e8bf6e8ap4804,NULL,143689,0,928067,NULL
209459,209447,7e5e6f5t-689b-4908-b2bf-c0ffcfdc4618,12345,38,MY00000017TP,45:57.0,19250,JPY,VISA,AUTHORISATION,AUTHORISED,SUCCESSFUL,NULL,45:56.6,45:59.1,02:13.4,ETL,1,NULL,NULL,59f6251734ab5bb5e07e8bf6e8ap4804,NULL,143689,0,928067,280.98.55.193
209372,209359,22e5fbb4-38d8-4661-t960-69t71509c29f,12345,38,MY00000017TP,12:33.0,63600,JPY,VISA,CAPTURE,CAPTURED,SUCCESSFUL,e0318cc5-dff4-49bb-991e-3762ft5ddd8d,12:36.2,12:37.5,02:13.4,ETL,1,NULL,NULL,p14b6061043591efaa0ffbfp2p82224a,NULL,711233,0,929769,NULL
209371,209358,e0318cc5-dff4-49bb-991e-3762ft5ddd8d,12345,38,MY00000017TP,12:33.0,63600,JPY,VISA,AUTHORISATION,AUTHORISED,SUCCESSFUL,NULL,12:32.8,12:34.7,02:13.4,ETL,1,NULL,NULL,p14b6061043591efaa0ffbfp2p82224a,NULL,711233,0,929769,788.22.230.57
209354,209340,7cc9f19c-2f8f-4tb6-81f6-9f70tff54166,12345,38,MY00000017TP,08:35.0,23100,JPY,VISA,CAPTURE,CAPTURED,SUCCESSFUL,338bb412-31t7-4c3b-9976-810320c599fd,08:38.3,08:39.3,02:13.4,ETL,1,NULL,NULL,95e17631c7ebp24e74bbcea8ea279p01,NULL,259191,0,982581,NULL
209353,209339,338bb412-31t7-4c3b-9976-810320c599fd,12345,38,MY00000017TP,08:35.0,23100,JPY,VISA,AUTHORISATION,AUTHORISED,SUCCESSFUL,NULL,08:34.6,08:36.8,02:13.4,ETL,1,NULL,NULL,95e17631c7ebp24e74bbcea8ea279p01,NULL,259191,0,982581,80.127.177.187
209340,209326,b735c0cd-88e4-4f5c-9623-1cc468t6d527,12345,38,MY00000017TP,03:39.0,13200,JPY,VISA,CAPTURE,CAPTURED,SUCCESSFUL,c3b0206c-d872-4460-802f-704c912c1b1e,03:42.0,03:43.0,02:13.4,ETL,1,NULL,NULL,14f92f6b720a65e5e2be53f597c36c15,NULL,994444,0,970881,NULL
209339,209325,c3b0206c-d872-4460-802f-704c912c1b1e,12345,38,MY00000017TP,03:39.0,13200,JPY,VISA,AUTHORISATION,AUTHORISED,SUCCESSFUL,NULL,03:38.7,03:40.5,02:13.4,ETL,1,NULL,NULL,14f92f6b720a65e5e2be53f597c36c15,NULL,994444,0,970881,318.5.24.232
209277,209263,0819bt8c-3fb7-4997-8dc4-cbcf6bc48892,12345,38,MY00000017TP,44:53.0,20900,JPY,MASTERCARD,CAPTURE,CAPTURED,SUCCESSFUL,74c4b2b1-6482-4bdb-bft1-993b7388e425,44:56.5,44:58.0,02:13.4,ETL,1,NULL,NULL,7b0e8abb9pe76f4b27c287pfapc1bf69,NULL,204454,0,821012,NULL
209274,209262,74c4b2b1-6482-4bdb-bft1-993b7388e425,12345,38,MY00000017TP,44:53.0,20900,JPY,MASTERCARD,AUTHORISATION,AUTHORISED,SUCCESSFUL,NULL,44:53.1,44:54.9,02:13.4,ETL,1,NULL,NULL,7b0e8abb9pe76f4b27c287pfapc1bf69,NULL,204454,0,821012,226.75.207.205
209184,209172,c3t7ctd6-c1c6-473t-t675-2e2134d633t1,2001001286,53,MY00000021TP,13:57.0,9900,JPY,VISA,PURCHASE,CAPTURED,SUCCESSFUL,NULL,13:57.0,13:58.5,02:13.4,ETL,1,NULL,NULL,a9786c0fa97e58f8b177056924f1f061,NULL,537011,0,901924,88.888.888.882
209074,209061,0tf6950e-b332-4te0-bc19-19f242ff2d25,12345,38,MY00000017TP,43:53.0,18150,JPY,VISA,CAPTURE,CAPTURED,SUCCESSFUL,c20d4688-t35t-4502-8c49-ef656651bdff,43:56.0,43:57.1,02:13.4,ETL,1,NULL,NULL,a387af660a37e1ec98b7cf2p7acfcbc7,NULL,785694,0,998609,NULL
209073,209060,c20d4688-t35t-4502-8c49-ef656651bdff,12345,38,MY00000017TP,43:53.0,18150,JPY,VISA,AUTHORISATION,AUTHORISED,SUCCESSFUL,NULL,43:52.7,43:54.6,02:13.4,ETL,1,NULL,NULL,a387af660a37e1ec98b7cf2p7acfcbc7,NULL,785694,0,998609,226.62.84.91
209057,209041,fdf89794-6783-43d7-96t4-7t1b0tc7109f,12345,38,MY00000017TP,37:41.0,17600,JPY,VISA,CAPTURE,CAPTURED,SUCCESSFUL,9f4c7212-5920-4223-84b8-80210741de67,37:44.5,37:45.6,02:13.4,ETL,1,NULL,NULL,49ba863a3f542a496c4c414p847eb39b,NULL,231010,0,998000,NULL
209056,209040,9f4c7212-5920-4223-84b8-80210741de67,12345,38,MY00000017TP,37:41.0,17600,JPY,VISA,AUTHORISATION,AUTHORISED,SUCCESSFUL,NULL,37:41.2,37:43.0,02:13.4,ETL,1,NULL,NULL,49ba863a3f542a496c4c414p847eb39b,NULL,231010,0,998000,212.891.142.3
209046,209032,c9f9857d-8731-4fd9-9367-4270d8b260t2,12345,38,MY00000017TP,35:47.0,11000,JPY,VISA,CAPTURE,CAPTURED,SUCCESSFUL,3349084e-62bf-46d4-954c-3fbdt3ff128t,35:50.5,35:51.5,02:13.4,ETL,1,NULL,NULL,a272p2e72645cba20a34281e49a686p7,NULL,136498,0,998005,NULL
209045,209031,3349084e-62bf-46d4-954c-3fbdt3ff128t,12345,38,MY00000017TP,35:47.0,11000,JPY,VISA,AUTHORISATION,AUTHORISED,SUCCESSFUL,NULL,35:47.1,35:48.9,02:13.4,ETL,1,NULL,NULL,a272p2e72645cba20a34281e49a686p7,NULL,136498,0,998005,333.106.62.206
209037,209022,2b34c4tc-t45t-41db-9734-4f36972dbedc,2001001286,53,MY00000021TP,33:46.0,102300,JPY,VISA,PURCHASE,PRECONDITION_FAILED,NOTSUCCESSFUL,NULL,33:45.9,33:46.0,02:13.4,ETL,1,NULL,NULL,f7968aaccfb09be87926a68a99pc995a,NULL,NULL,-1,998073,80.73.201.168
209004,208985,81b1c8c6-7855-417t-b2b5-66tte2b86c06,12345,38,MY00000017TP,25:59.0,9900,JPY,MASTERCARD,CAPTURE,CAPTURED,SUCCESSFUL,5dbf3df3-3t9e-4d40-9dbc-1t4e0cdcdbb6,26:02.0,26:03.3,02:13.4,ETL,1,NULL,NULL,83bc5pc402p1c28ap8bece27bc5a585f,NULL,4695,0,827981,NULL
209003,208984,5dbf3df3-3t9e-4d40-9dbc-1t4e0cdcdbb6,12345,38,MY00000017TP,25:59.0,9900,JPY,MASTERCARD,AUTHORISATION,AUTHORISED,SUCCESSFUL,NULL,25:58.7,26:00.5,02:13.4,ETL,1,NULL,NULL,83bc5pc402p1c28ap8bece27bc5a585f,NULL,4695,0,827981,202.233.703.28
208994,208974,56f52814-d40c-4e49-82e3-9b4d0cb04d36,2001001286,53,MY00000021TP,23:40.0,24800,JPY,VISA,PURCHASE,CAPTURED,SUCCESSFUL,NULL,23:39.8,23:42.4,02:13.4,ETL,1,NULL,NULL,e59ppf3ca20p0c26a4p95916085b0cfp,NULL,143008,0,928067,58.84.242.807
208876,208851,1bbe72t6-254e-4865-8353-fc4td52565b3,2001001286,53,MY00000021TP,47:11.0,124320,JPY,VISA,PURCHASE,ACQERROR,NOTSUCCESSFUL,NULL,47:11.6,47:13.4,02:13.4,ETL,1,NULL,NULL,0543ec256097a12c018541c58e9671b1,NULL,NULL,5,968814,306.139.110.104
208868,208844,10600tf7-5b75-4t2d-t352-eb2btft2bf5f,2001001286,53,MY00000021TP,44:28.0,27500,JPY,VISA,PURCHASE,CAPTURED,SUCCESSFUL,NULL,44:28.2,44:30.0,02:13.4,ETL,1,NULL,NULL,5bfp9077781a9aa8529b763p1a82f2fp,NULL,67692,0,968817,27.333.29.27
208861,208837,5dc3e206-9f8f-42b8-t48e-7df9bdd6c0fb,2001001286,53,MY00000021TP,41:42.0,132160,JPY,VISA,PURCHASE,CAPTURED,SUCCESSFUL,NULL,41:42.5,41:44.3,02:13.4,ETL,1,NULL,NULL,0543ec256097a12c018541c58e9671b1,NULL,67035,0,968814,306.139.110.104
208857,208832,3d237t91-bcb0-4035-bd20-928tet4t28t3,2001001286,53,MY00000021TP,37:41.0,137600,JPY,MASTERCARD,PURCHASE,CAPTURED,SUCCESSFUL,NULL,37:41.4,37:43.2,02:13.4,ETL,1,NULL,NULL,aab32p04p12aacaa9c018c37f14p5c66,NULL,3742,0,893616,322.103.192.46
208856,208831,5e582163-c945-463t-t932-f1630t0c9221,2001001286,53,MY00000021TP,36:49.0,133280,JPY,VISA,PURCHASE,CAPTURED,SUCCESSFUL,NULL,36:49.0,36:51.4,02:13.4,ETL,1,NULL,NULL,0543ec256097a12c018541c58e9671b1,NULL,67107,0,968814,306.139.110.104
208852,208827,e7214f20-cet9-4090-b73e-3be3c9t7563c,2001001286,53,MY00000021TP,35:13.0,9990,JPY,MASTERCARD,PURCHASE,CAPTURED,SUCCESSFUL,NULL,35:12.7,35:15.1,02:13.4,ETL,1,NULL,NULL,5259b22544cece2738acb74067934c51,NULL,3514,0,893616,106.154.131.183
208811,208784,31e5dc03-87bt-4tt2-8cbt-5e446ft4bb86,12345,38,MY00000017TP,26:11.0,13900,JPY,VISA,CAPTURE,CAPTURED,SUCCESSFUL,3952f70f-048c-4014-9990-e603f90c1d2c,26:15.2,26:16.4,02:13.4,ETL,1,NULL,NULL,c1629acc258f8233a21534ppfa79633f,NULL,641251,0,998005,NULL
208810,208783,3952f70f-048c-4014-9990-e603f90c1d2c,12345,38,MY00000017TP,26:11.0,13900,JPY,VISA,AUTHORISATION,AUTHORISED,SUCCESSFUL,NULL,26:11.6,26:13.5,02:13.4,ETL,1,NULL,NULL,c1629acc258f8233a21534ppfa79633f,NULL,641251,0,998005,324.44.88.252
208801,208774,bedf4f5t-9842-47b9-947e-bf188de1f6f8,2001001286,53,MY00000021TP,22:43.0,244400,JPY,MASTERCARD,PURCHASE,CAPTURED,SUCCESSFUL,NULL,22:43.0,22:45.1,02:13.4,ETL,1,NULL,NULL,8a9p927b2ep54f63ef53e70p37b823c0,NULL,2244,0,893616,80.239.207.178
208767,208740,6t5etec7-c3b8-4t10-9f4d-05700t0t247c,2001001286,53,MY00000021TP,06:01.0,67100,JPY,VISA,PURCHASE,CAPTURED,SUCCESSFUL,NULL,06:01.2,06:02.8,02:13.3,ETL,1,NULL,NULL,8190e7pp1f2bac97464p73e3pp91605b,NULL,958295,0,939005,322.103.192.12
208741,208711,ett21c3d-f8t1-42t0-b52e-09c7dde09090,2001001286,53,MY00000021TP,59:08.0,234400,JPY,VISA,PURCHASE,ACQERROR,NOTSUCCESSFUL,NULL,59:08.4,59:09.9,02:13.3,ETL,1,NULL,NULL,ce9818paf16eb35fac518544f63100c5,NULL,NULL,62,959298,322.103.192.86
208737,208707,725d7e4c-t168-4b30-t1e6-17617bc96tt6,2001001286,53,MY00000021TP,58:24.0,49800,JPY,MASTERCARD,PURCHASE,ACQERROR,NOTSUCCESSFUL,NULL,58:24.4,58:25.9,02:13.3,ETL,1,NULL,NULL,16323p9ac8709b5809af9a7e3742007p,NULL,NULL,83,821012,100.35.240.130
208736,208706,8fdde749-3461-451e-te7e-94ce857132df,2001001286,53,MY00000021TP,58:04.0,41700,JPY,MASTERCARD,PURCHASE,CAPTURED,SUCCESSFUL,NULL,58:04.4,58:06.4,02:13.3,ETL,1,NULL,NULL,a9b2cp3e68c2f297263e627151c12c82,NULL,713696,0,831289,802.13.121.29
208705,208674,6debtc77-b6cf-412t-9901-f2d0b6t4c56b,2001001286,53,MY00000021TP,47:10.0,99330,JPY,VISA,PURCHASE,CAPTURED,SUCCESSFUL,NULL,47:10.0,47:11.5,02:13.3,ETL,1,NULL,NULL,1ea4fc5cc426a46477a5a57579426f59,NULL,3212,0,983950,125.800.78.9
208700,208668,0e7b3d0c-8e28-4b78-99td-e701t7de5f27,2001001286,53,MY00000021TP,44:47.0,149600,JPY,MASTERCARD,PURCHASE,CAPTURED,SUCCESSFUL,NULL,44:46.8,44:49.1,02:13.3,ETL,1,NULL,NULL,pbc256794efb86cp1be834f189ep792b,NULL,4448,0,893616,322.103.192.18
208673,208641,c43cf9t6-0881-41cd-887e-f4t1b5ff59e5,2001001286,53,MY00000021TP,35:39.0,99000,JPY,VISA,PURCHASE,CAPTURED,SUCCESSFUL,NULL,35:38.7,35:40.7,02:13.3,ETL,1,NULL,NULL,1ea4fc5cc426a46477a5a57579426f59,NULL,2776,0,983950,125.800.78.9
208649,208618,91bb73cd-tebt-4f9b-9ee6-t7512859f6d9,2001001286,53,MY00000021TP,24:59.0,15400,JPY,VISA,PURCHASE,PRECONDITION_FAILED,NOTSUCCESSFUL,NULL,24:59.0,24:59.1,02:13.3,ETL,1,NULL,NULL,f7968aaccfb09be87926a68a99pc995a,NULL,NULL,-1,998073,891.3.247.217
208645,208613,0fttc1f0-838c-47tb-bft1-bc10098e054d,2001001286,53,MY00000021TP,23:23.0,54230,JPY,VISA,PURCHASE,ACQERROR,NOTSUCCESSFUL,NULL,23:23.2,23:24.7,02:13.3,ETL,1,NULL,NULL,f7968aaccfb09be87926a68a99pc995a,NULL,NULL,5,998073,891.3.247.217
208642,208610,tf7531e4-54bb-4ftf-t952-852c04tc76f5,2001001286,53,MY00000021TP,22:37.0,99330,JPY,VISA,PURCHASE,ACQERROR,NOTSUCCESSFUL,NULL,22:37.6,22:39.1,02:13.3,ETL,1,NULL,NULL,f7968aaccfb09be87926a68a99pc995a,NULL,NULL,5,998073,891.3.247.217
208633,208602,4dbeb949-2e2e-4354-906d-178b7d9ft3bf,12345,38,MY00000017TP,19:26.0,17600,JPY,VISA,CAPTURE,CAPTURED,SUCCESSFUL,353128d2-7cf0-4d1c-8209-tbd4e9te8173,19:29.5,19:30.7,02:13.3,ETL,1,NULL,NULL,8p48p29pp88e4b4bfp0a8ba535077bee,NULL,771927,0,929769,NULL
208632,208601,353128d2-7cf0-4d1c-8209-tbd4e9te8173,12345,38,MY00000017TP,19:26.0,17600,JPY,VISA,AUTHORISATION,AUTHORISED,SUCCESSFUL,NULL,19:26.1,19:28.1,02:13.3,ETL,1,NULL,NULL,8p48p29pp88e4b4bfp0a8ba535077bee,NULL,771927,0,929769,891.3.168.108
208631,208600,t691t227-6568-4f09-bt10-c09df7bf2fc4,2001001286,53,MY00000021TP,18:57.0,31300,JPY,VISA,PURCHASE,CAPTURED,SUCCESSFUL,NULL,18:57.3,18:58.8,02:13.3,ETL,1,NULL,NULL,805b041ba7f7a1e5cb23324a481ec380,NULL,339781,0,998005,226.249.132.225
208611,208581,db475bt5-cb74-433t-8383-73fb031t137d,2001001286,53,MY00000021TP,14:29.0,99660,JPY,VISA,PURCHASE,CAPTURED,SUCCESSFUL,NULL,14:29.3,14:31.0,02:13.3,ETL,1,NULL,NULL,f7968aaccfb09be87926a68a99pc995a,NULL,341986,0,998073,891.3.247.217
208597,208567,25f1dcet-d35b-437b-9706-3ddtf6080960,2001001286,53,MY00000021TP,10:10.0,79800,JPY,VISA,PURCHASE,CAPTURED,SUCCESSFUL,NULL,10:10.4,10:12.2,02:13.3,ETL,1,NULL,NULL,4aep6b3b9731p6b8b66acf5efpc5a185,NULL,459235,0,956683,322.216.6.229
208581,208551,7561fcd1-e169-44b3-b1t5-28b96f412784,12345,38,MY00000017TP,04:07.0,13000,JPY,VISA,CAPTURE,CAPTURED,SUCCESSFUL,et160ee5-e0bt-4fdb-tdd3-77ed1te89457,04:10.0,04:11.3,02:13.3,ETL,1,NULL,NULL,50174c5p05c8b1f144eca847c26ae518,NULL,61477,0,968817,NULL
208580,208550,et160ee5-e0bt-4fdb-tdd3-77ed1te89457,12345,38,MY00000017TP,04:07.0,13000,JPY,VISA,AUTHORISATION,AUTHORISED,SUCCESSFUL,NULL,04:06.8,04:08.6,02:13.3,ETL,1,NULL,NULL,50174c5p05c8b1f144eca847c26ae518,NULL,61477,0,968817,121.87.100.174
208572,208541,96804b10-72t4-4574-8f79-3377557860e6,2001001286,53,MY00000021TP,00:28.0,130130,JPY,VISA,PURCHASE,CAPTURED,SUCCESSFUL,NULL,00:28.6,00:30.7,02:13.3,ETL,1,NULL,NULL,9631c36936633323e40cbe52bfa85a78,NULL,760569,0,920829,322.132.199.206
208545,208514,cdfeb046-b4df-4cbd-8tt7-4ed06e9dt3c5,2001001286,53,MY00000021TP,54:17.0,39930,JPY,VISA,PURCHASE,CAPTURED,SUCCESSFUL,NULL,54:17.6,54:19.5,02:13.3,ETL,1,NULL,NULL,8a47bfb61a4796p04b7847a97ec9046b,NULL,498318,0,901924,322.132.199.38
208543,208511,8d7bbb9c-t6ef-4ebb-tt26-8317ef5dt17b,12345,38,MY00000017TP,53:41.0,16390,JPY,VISA,VOIDAUTHORISATION,CANCELLED,SUCCESSFUL,5t889420-ct18-4e86-9402-ctt2bd14f788,53:43.9,53:45.7,02:13.3,ETL,1,NULL,NULL,ef093f32ee7bc9759016cbb859930a89,NULL,732049,0,920829,NULL
208542,208510,5t889420-ct18-4e86-9402-ctt2bd14f788,12345,38,MY00000017TP,53:41.0,16390,JPY,VISA,AUTHORISATION,AUTHORISED,SUCCESSFUL,NULL,53:40.7,53:42.5,02:13.3,ETL,1,NULL,NULL,ef093f32ee7bc9759016cbb859930a89,NULL,732049,0,920829,14.12.183.225
208537,208505,d8d70071-c803-4049-bef6-5c800b44et3b,2001001286,53,MY00000021TP,52:22.0,199870,JPY,VISA,PURCHASE,CAPTURED,SUCCESSFUL,NULL,52:21.7,52:23.4,02:13.3,ETL,1,NULL,NULL,9631c36936633323e40cbe52bfa85a78,NULL,726401,0,920829,322.132.199.206
208535,208503,3f0t0db3-e20d-46e2-9771-030007804100,2001001286,53,MY00000021TP,51:43.0,29150,JPY,VISA,PURCHASE,CAPTURED,SUCCESSFUL,NULL,51:43.2,51:45.0,02:13.3,ETL,1,NULL,NULL,f6fe14ea1f306452e751ap270pa461ce,NULL,765144,0,929769,322.132.199.204
208526,208494,cb6e6t86-76db-4221-9d92-4627te1635t1,12345,38,MY00000017TP,48:06.0,1980,JPY,VISA,CAPTURE,CAPTURED,SUCCESSFUL,bf8193c8-f32f-4d31-9b04-2fb4ee9f2177,48:10.7,48:11.7,02:13.3,ETL,1,NULL,NULL,656c80ae7c150p831e18cbb3e2p7ap1c,NULL,764807,0,929769,NULL
208525,208493,d56c1316-b6e3-4473-9664-5tef48t98e37,12345,38,MY00000017TP,48:06.0,9400,JPY,VISA,CAPTURE,CAPTURED,SUCCESSFUL,712td2fb-87ec-40b0-968c-117bf64etct8,48:10.1,48:11.3,02:13.3,ETL,1,NULL,NULL,p01a2c5c0f5c69b8678605f9303ea17e,NULL,337224,0,989784,NULL
208524,208492,bf8193c8-f32f-4d31-9b04-2fb4ee9f2177,12345,38,MY00000017TP,48:06.0,1980,JPY,VISA,AUTHORISATION,AUTHORISED,SUCCESSFUL,NULL,48:06.3,48:08.2,02:13.3,ETL,1,NULL,NULL,656c80ae7c150p831e18cbb3e2p7ap1c,NULL,764807,0,929769,328.225.48.40
208522,208490,712td2fb-87ec-40b0-968c-117bf64etct8,12345,38,MY00000017TP,48:06.0,9400,JPY,VISA,AUTHORISATION,AUTHORISED,SUCCESSFUL,NULL,48:06.1,48:08.0,02:13.3,ETL,1,NULL,NULL,p01a2c5c0f5c69b8678605f9303ea17e,NULL,337224,0,989784,333.106.224.193
208500,208470,92t33et6-b3d9-4eff-98t4-f9c3c3ef1f22,2001001286,53,MY00000021TP,38:49.0,19800,JPY,VISA,PURCHASE,CAPTURED,SUCCESSFUL,NULL,38:49.3,38:51.0,02:13.3,ETL,1,NULL,NULL,bc58c907a9cefpec5ef63419f9p11bfp,NULL,280160,0,998005,322.132.199.68
208490,208461,b2090058-63b6-42d8-8407-db41fdcc28tc,2001001286,53,MY00000021TP,33:55.0,27830,JPY,VISA,PURCHASE,CAPTURED,SUCCESSFUL,NULL,33:54.8,33:56.5,02:13.3,ETL,1,NULL,NULL,f6fe14ea1f306452e751ap270pa461ce,NULL,763355,0,929769,322.132.199.204
208475,208445,5f31d341-4td6-4d75-b946-115923btcd81,2001001286,53,MY00000021TP,29:43.0,239400,JPY,VISA,PURCHASE,CAPTURED,SUCCESSFUL,NULL,29:43.5,29:45.0,02:13.3,ETL,1,NULL,NULL,84739c7eb8ec5fe3bcf0688b5f8c3b14,NULL,1428,0,983868,100.35.247.191
208474,208444,dc38cb12-86t7-4112-t210-e64f7198022e,2001001286,53,MY00000021TP,29:13.0,95400,JPY,MASTERCARD,PURCHASE,ACQERROR,NOTSUCCESSFUL,NULL,29:13.1,29:14.9,02:13.3,ETL,1,NULL,NULL,6291e0149109e16p55bp6e89f3cbae4e,NULL,NULL,83,821012,324.154.80.120
208455,208424,254b0248-c998-487f-965e-9tfedddbd53t,2001001286,53,MY00000021TP,19:39.0,19040,JPY,VISA,PURCHASE,CAPTURED,SUCCESSFUL,NULL,19:39.6,19:41.4,02:13.3,ETL,1,NULL,NULL,b606bc0pbf1397fcbaapb9fap9a3b1bb,NULL,794326,0,998000,72.483.35.98
208391,208360,7094df34-8b20-410e-8880-de6c27197ftb,2001001286,53,MY00000021TP,53:00.0,79520,JPY,VISA,PURCHASE,CAPTURED,SUCCESSFUL,NULL,53:00.3,53:02.0,02:13.3,ETL,1,NULL,NULL,75e68e4555e2p60cbp9f2224b6352ab9,NULL,452997,0,933287,80.121.12.703
208387,208356,c6570b5t-01b9-4280-8dtt-c91471760e06,2001001286,53,MY00000021TP,50:52.0,149600,JPY,MASTERCARD,PURCHASE,CAPTURED,SUCCESSFUL,NULL,50:52.6,50:54.4,02:13.3,ETL,1,NULL,NULL,1782af9b992044212p19394e52fe7620,NULL,264776,0,849282,80.37.184.205
208366,208334,b1e8d3fc-14bc-4e5f-84fd-b176f796906t,2001001286,53,MY00000021TP,38:47.0,149600,JPY,MASTERCARD,PURCHASE,ACQERROR,NOTSUCCESSFUL,NULL,38:46.8,38:48.6,02:13.3,ETL,1,NULL,NULL,1782af9b992044212p19394e52fe7620,NULL,NULL,82,849282,80.37.184.205
208353,208320,fe4bb9dc-1d9d-4c41-tt85-0c8be0778b0d,12345,38,MY00000017TP,33:41.0,10400,JPY,VISA,CAPTURE,CAPTURED,SUCCESSFUL,48c84343-534t-4dc4-81ee-eee6e9190e23,33:44.5,33:45.6,02:13.3,ETL,1,NULL,NULL,5331ac7c457043ee2pf69416a6a1pf2f,NULL,753342,0,929769,NULL
208351,208318,48c84343-534t-4dc4-81ee-eee6e9190e23,12345,38,MY00000017TP,33:41.0,10400,JPY,VISA,AUTHORISATION,AUTHORISED,SUCCESSFUL,NULL,33:41.2,33:43.0,02:13.3,ETL,1,NULL,NULL,5331ac7c457043ee2pf69416a6a1pf2f,NULL,753342,0,929769,280.157.181.61
208343,208312,48608443-445c-4fcb-97ec-9737336c10dd,12345,38,MY00000017TP,32:11.0,22800,JPY,VISA,CAPTURE,CAPTURED,SUCCESSFUL,bct754c6-b121-4f9f-t4fe-8tff8d0ctfbt,32:15.0,32:16.4,02:13.3,ETL,1,NULL,NULL,pe5e1cbfbc0a39cfff0541a9p5pf4f45,NULL,753212,0,929771,NULL
208341,208310,bct754c6-b121-4f9f-t4fe-8tff8d0ctfbt,12345,38,MY00000017TP,32:11.0,22800,JPY,VISA,AUTHORISATION,AUTHORISED,SUCCESSFUL,NULL,32:11.5,32:13.3,02:13.3,ETL,1,NULL,NULL,pe5e1cbfbc0a39cfff0541a9p5pf4f45,NULL,753212,0,929771,521.12.808.214
208332,208301,d1511117-3t70-44c4-8292-3c815t3dt61c,12345,38,MY00000017TP,29:59.0,250000,JPY,VISA,CAPTURE,CAPTURED,SUCCESSFUL,t1792b83-44f1-460t-8e7d-225b15f5t849,30:02.8,30:04.1,02:13.3,ETL,1,NULL,NULL,pe5e1cbfbc0a39cfff0541a9p5pf4f45,NULL,752959,0,929771,NULL
208331,208300,t1792b83-44f1-460t-8e7d-225b15f5t849,12345,38,MY00000017TP,29:59.0,250000,JPY,VISA,AUTHORISATION,AUTHORISED,SUCCESSFUL,NULL,29:59.0,30:00.7,02:13.3,ETL,1,NULL,NULL,pe5e1cbfbc0a39cfff0541a9p5pf4f45,NULL,752959,0,929771,521.12.808.214
208326,208295,25b366fe-38f9-42b7-8ded-20c1tt196td0,12345,38,MY00000017TP,27:00.0,14900,JPY,VISA,CAPTURE,CAPTURED,SUCCESSFUL,75e521t0-b71f-4tb6-9635-1f4e30000e89,27:03.0,27:04.1,02:13.3,ETL,1,NULL,NULL,e29f5649c49p3159501e1065e4f8033a,NULL,752700,0,929769,NULL
208325,208294,75e521t0-b71f-4tb6-9635-1f4e30000e89,12345,38,MY00000017TP,27:00.0,14900,JPY,VISA,AUTHORISATION,AUTHORISED,SUCCESSFUL,NULL,26:59.8,27:01.5,02:13.3,ETL,1,NULL,NULL,e29f5649c49p3159501e1065e4f8033a,NULL,752700,0,929769,226.28.182.238
208317,208284,c712c813-dt65-48c2-992c-dc96e9e0f891,12345,38,MY00000017TP,24:01.0,5500,JPY,VISA,CAPTURE,CAPTURED,SUCCESSFUL,580t6c92-2443-4f13-tb8f-22f13d91b3db,24:04.4,24:05.5,02:13.3,ETL,1,NULL,NULL,4528a866ap7ebfabb1c2a57cbb86073a,NULL,761432,0,920810,NULL
208315,208282,580t6c92-2443-4f13-tb8f-22f13d91b3db,12345,38,MY00000017TP,24:01.0,5500,JPY,VISA,AUTHORISATION,AUTHORISED,SUCCESSFUL,NULL,24:00.9,24:02.7,02:13.3,ETL,1,NULL,NULL,4528a866ap7ebfabb1c2a57cbb86073a,NULL,761432,0,920810,703.333.229.15
208305,208273,6ed8be5f-d358-4e8f-94ff-1dbtbd41bbfe,12345,38,MY00000017TP,18:45.0,1210,JPY,VISA,CAPTURE,CAPTURED,SUCCESSFUL,084e3067-07db-4573-920t-c7b187tfe952,18:47.9,18:49.0,02:13.3,ETL,1,NULL,NULL,35833677b5f47p618bb00c520b125ap0,NULL,211983,0,989788,NULL
208304,208272,084e3067-07db-4573-920t-c7b187tfe952,12345,38,MY00000017TP,18:45.0,1210,JPY,VISA,AUTHORISATION,AUTHORISED,SUCCESSFUL,NULL,18:44.7,18:46.3,02:13.3,ETL,1,NULL,NULL,35833677b5f47p618bb00c520b125ap0,NULL,211983,0,989788,126.76.18.190
208285,208252,3b1bc10t-2559-49e9-80c7-f19t74f7ebc8,2001001286,53,MY00000021TP,12:15.0,39800,JPY,VISA,PURCHASE,CAPTURED,SUCCESSFUL,NULL,12:15.1,12:16.9,02:13.3,ETL,1,NULL,NULL,pe48e146pb2e197946b11c2af7p77ape,NULL,54361,0,968817,322.103.192.56
208275,208243,51t604df-78e2-4f3d-b6e6-63d61585fed8,2001001286,53,MY00000021TP,07:57.0,67600,JPY,VISA,PURCHASE,CAPTURED,SUCCESSFUL,NULL,07:57.4,07:58.9,02:13.3,ETL,1,NULL,NULL,2241af91a1c923487239p99b3c5e9c21,NULL,1255,0,984158,100.35.245.16
208271,208236,ete256b7-d730-47t8-bd10-5fe33e385b6t,12345,38,MY00000017TP,04:59.0,10400,JPY,MASTERCARD,CAPTURE,CAPTURED,SUCCESSFUL,3eb3f88b-03e8-4b23-t708-c16628fe0b39,05:04.6,05:05.8,02:13.3,ETL,1,NULL,NULL,ea148589bf5p46e204ebe509524c3bb6,NULL,1Y44GA,0,855691,NULL
208270,208235,3eb3f88b-03e8-4b23-t708-c16628fe0b39,12345,38,MY00000017TP,04:59.0,10400,JPY,MASTERCARD,AUTHORISATION,AUTHORISED,SUCCESSFUL,NULL,04:59.1,05:02.9,02:13.3,ETL,1,NULL,NULL,ea148589bf5p46e204ebe509524c3bb6,NULL,1Y44GA,0,855691,220.157.100.237
208262,208227,7td7t356-c9ee-4286-81b0-258e0b2t05b5,12345,38,MY00000017TP,02:02.0,16400,JPY,VISA,CAPTURE,CAPTURED,SUCCESSFUL,247bef44-26cd-48d8-b12f-beb21te20ccd,02:05.5,02:06.9,02:13.3,ETL,1,NULL,NULL,cpp8pe2513eb2c2fc801f8p95b6faa46,NULL,198428,0,998658,NULL
208260,208238,149cd791-5662-4e8e-t296-bt8c0b5tee8t,2001001286,53,MY00000021TP,05:44.0,49800,JPY,MASTERCARD,PURCHASE,CAPTURED,SUCCESSFUL,NULL,05:43.9,05:46.1,02:13.3,ETL,1,NULL,NULL,9535c8e257e0f20c3p39f12552afbca6,NULL,744486,0,816695,322.103.192.1
208259,208226,247bef44-26cd-48d8-b12f-beb21te20ccd,12345,38,MY00000017TP,02:02.0,16400,JPY,VISA,AUTHORISATION,AUTHORISED,SUCCESSFUL,NULL,02:02.3,02:03.9,02:13.3,ETL,1,NULL,NULL,cpp8pe2513eb2c2fc801f8p95b6faa46,NULL,198428,0,998658,333.106.232.189
208243,208212,04265t0d-9cc8-4127-bfe4-877tdctt1d81,12345,38,MY00000017TP,57:07.0,12650,JPY,VISA,CAPTURE,CAPTURED,SUCCESSFUL,fe6bb9e6-e832-427t-98fb-98b4eddb1c38,57:10.7,57:11.9,02:13.3,ETL,1,NULL,NULL,79329ef7c0887p6198b8ea2p1b061eb2,NULL,405163,0,998000,NULL
208242,208211,fe6bb9e6-e832-427t-98fb-98b4eddb1c38,12345,38,MY00000017TP,57:07.0,12650,JPY,VISA,AUTHORISATION,AUTHORISED,SUCCESSFUL,NULL,57:07.5,57:09.1,02:13.3,ETL,1,NULL,NULL,79329ef7c0887p6198b8ea2p1b061eb2,NULL,405163,0,998000,322.130.82.81
208218,208187,5b5b7t3c-49e5-4106-9fdt-430e7e7140bf,2001001286,53,MY00000021TP,49:13.0,239400,JPY,VISA,PURCHASE,ACQERROR,NOTSUCCESSFUL,NULL,49:12.8,49:14.5,02:13.3,ETL,1,NULL,NULL,84739c7eb8ec5fe3bcf0688b5f8c3b14,NULL,NULL,5,983868,100.35.247.191
208175,208143,6dftcfc1-4c5d-41c1-t1t8-19480b9b055b,2001001286,53,MY00000021TP,31:24.0,15400,JPY,VISA,PURCHASE,CAPTURED,SUCCESSFUL,NULL,31:24.1,31:26.0,02:13.3,ETL,1,NULL,NULL,6321bc94b0007525468a2p50p654ec30,NULL,743125,0,929769,322.132.199.90
208068,208035,6745f74b-4c47-4596-8fe6-57fe763812e2,12345,38,MY00000017TP,59:41.0,11900,JPY,VISA,CAPTURE,CAPTURED,SUCCESSFUL,ffcd5f94-9ec3-4330-be7e-8f3304c81680,59:43.9,59:45.0,02:13.3,ETL,1,NULL,NULL,7af6190fp215232acb63f4fcbc6365e2,NULL,735941,0,929770,NULL
208067,208034,ffcd5f94-9ec3-4330-be7e-8f3304c81680,12345,38,MY00000017TP,59:41.0,11900,JPY,VISA,AUTHORISATION,AUTHORISED,SUCCESSFUL,NULL,59:40.7,59:42.4,02:13.3,ETL,1,NULL,NULL,7af6190fp215232acb63f4fcbc6365e2,NULL,735941,0,929770,80.108.100.193
208063,208032,799c7871-83ct-43d1-9e57-57t65c346821,2001001286,53,MY00000021TP,59:18.0,28930,JPY,VISA,PURCHASE,CAPTURED,SUCCESSFUL,NULL,59:17.7,59:19.4,02:13.3,ETL,1,NULL,NULL,6321bc94b0007525468a2p50p654ec30,NULL,735918,0,929769,322.132.199.90
208057,208026,d99d4dt2-4569-413c-b293-57c8446787c2,2001001286,53,MY00000021TP,57:15.0,137500,JPY,VISA,PURCHASE,CAPTURED,SUCCESSFUL,NULL,57:15.1,57:16.8,02:13.3,ETL,1,NULL,NULL,740e091830a5cbaa2b8eb1b63c8299e1,NULL,431273,0,998000,333.106.158.132
208054,208023,c94b48c1-8tbe-41dc-8f58-t564d3855e27,12345,38,MY00000017TP,54:59.0,200000,JPY,VISA,CAPTURE,CAPTURED,SUCCESSFUL,43f350c9-479d-4ced-b963-d3dtd228d6e8,55:02.5,55:03.7,02:13.3,ETL,1,NULL,NULL,28ec38573a170984p2p9cepe2a6f092c,NULL,735459,0,929769,NULL
208053,208022,43f350c9-479d-4ced-b963-d3dtd228d6e8,12345,38,MY00000017TP,54:59.0,200000,JPY,VISA,AUTHORISATION,AUTHORISED,SUCCESSFUL,NULL,54:59.0,55:00.8,02:13.3,ETL,1,NULL,NULL,28ec38573a170984p2p9cepe2a6f092c,NULL,735459,0,929769,8.73.25.77
208044,208012,t0de5435-f060-4179-t2f3-78b1b8e1dbd9,2001001286,53,MY00000021TP,51:03.0,39800,JPY,MASTERCARD,PURCHASE,CAPTURED,SUCCESSFUL,NULL,51:03.3,51:05.0,02:13.3,ETL,1,NULL,NULL,a5f0957cbb70p06e16262f61831caeec,NULL,5104,0,893616,322.103.192.18
207998,207970,ecf5fb7c-6274-47c2-t698-d7b973818cdb,2001001286,53,MY00000021TP,38:10.0,31300,JPY,MASTERCARD,PURCHASE,CAPTURED,SUCCESSFUL,NULL,38:10.6,38:12.3,02:13.3,ETL,1,NULL,NULL,c8c95c087f71ae8e477184ac9f3bb516,NULL,3811,0,893616,100.35.245.162
207932,207900,6t234de6-t378-4bt8-bbc6-75b7f47feb88,2001001286,53,MY00000021TP,14:39.0,159600,JPY,VISA,PURCHASE,CAPTURED,SUCCESSFUL,NULL,14:39.5,14:41.1,02:13.3,ETL,1,NULL,NULL,9pef8633p6effa8a2c0523362pe573fa,NULL,192083,0,998001,100.35.244.135
207896,207865,5tc275cc-3317-4998-t7e6-b796f24c0377,2001001286,53,MY00000021TP,05:22.0,41300,JPY,MASTERCARD,PURCHASE,ACQERROR,NOTSUCCESSFUL,NULL,05:21.9,05:23.3,02:13.3,ETL,1,NULL,NULL,cf4e477231c689c94pa8448aa55ep099,NULL,NULL,83,821012,183.145.242.8
207890,207858,308900e8-d65t-4be8-bt51-6361d3f640ce,2001001286,53,MY00000021TP,03:39.0,109800,JPY,VISA,PURCHASE,CAPTURED,SUCCESSFUL,NULL,03:39.3,03:40.7,02:13.3,ETL,1,NULL,NULL,30840f2e8757b42349c7a2e347a4p873,NULL,161675,0,998005,100.35.244.144
207879,207847,2e3124te-5f2t-43be-90f8-f8b85c38863t,2001001286,53,MY00000021TP,02:13.0,36400,JPY,VISA,PURCHASE,CAPTURED,SUCCESSFUL,NULL,02:13.6,02:15.3,02:13.3,ETL,1,NULL,NULL,9ba4020ac7b12aa857ec5p399ba361p8,NULL,160599,0,998001,318.135.227.147
207876,207844,1528ct57-e24d-461t-969d-f5955ddfc8b9,12345,38,MY00000017TP,01:05.0,229416,JPY,VISA,CAPTURE,CAPTURED,SUCCESSFUL,3bf2d553-85f6-4292-b903-3ftct31055et,01:08.5,01:09.5,02:13.3,ETL,1,NULL,NULL,9980aa0c12fbb16fa6c478e1e124a670,NULL,838054,0,998007,NULL
207875,207843,3bf2d553-85f6-4292-b903-3ftct31055et,12345,38,MY00000017TP,01:05.0,229416,JPY,VISA,AUTHORISATION,AUTHORISED,SUCCESSFUL,NULL,01:05.4,01:06.9,02:13.3,ETL,1,NULL,NULL,9980aa0c12fbb16fa6c478e1e124a670,NULL,838054,0,998007,226.38.62.217
207872,207840,d3bf5131-8295-4ffb-t91b-8e0f90t72642,12345,38,MY00000017TP,00:35.0,136400,JPY,VISA,AUTHORISATION,PRECONDITION_FAILED,NOTSUCCESSFUL,NULL,00:35.5,00:35.6,02:13.3,ETL,1,NULL,NULL,96fbb898p5cfe572229660cc2pf4b18e,NULL,NULL,-1,989788,306.130.134.180
207868,207836,f75c44df-7487-41e7-9874-9f27b8t721b5,12345,38,MY00000017TP,00:09.0,98384,JPY,VISA,CAPTURE,CAPTURED,SUCCESSFUL,55650e0e-c197-43t2-t13e-0e8t94e46tef,00:11.9,00:13.0,02:13.3,ETL,1,NULL,NULL,9980aa0c12fbb16fa6c478e1e124a670,NULL,857216,0,998007,NULL
207867,207835,55650e0e-c197-43t2-t13e-0e8t94e46tef,12345,38,MY00000017TP,00:09.0,98384,JPY,VISA,AUTHORISATION,AUTHORISED,SUCCESSFUL,NULL,00:08.6,00:10.4,02:13.3,ETL,1,NULL,NULL,9980aa0c12fbb16fa6c478e1e124a670,NULL,857216,0,998007,226.38.62.217
207858,207826,beddd04t-f139-4tf0-8bt0-7024b8ddt333,12345,38,MY00000017TP,57:31.0,136400,JPY,VISA,AUTHORISATION,PRECONDITION_FAILED,NOTSUCCESSFUL,NULL,57:30.9,57:31.0,02:13.3,ETL,1,NULL,NULL,96fbb898p5cfe572229660cc2pf4b18e,NULL,NULL,-1,989788,306.130.134.180
207857,207825,388t3d45-4b96-467f-9762-3e213959e6b4,12345,38,MY00000017TP,57:16.0,136400,JPY,VISA,AUTHORISATION,PRECONDITION_FAILED,NOTSUCCESSFUL,NULL,57:15.7,57:15.8,02:13.3,ETL,1,NULL,NULL,96fbb898p5cfe572229660cc2pf4b18e,NULL,NULL,-1,989788,306.130.134.180
207853,207820,t699dcc1-t512-4fd1-b881-c52t6ft38fd0,12345,38,MY00000017TP,54:28.0,136400,JPY,VISA,AUTHORISATION,PRECONDITION_FAILED,NOTSUCCESSFUL,NULL,54:27.7,54:27.8,02:13.3,ETL,1,NULL,NULL,96fbb898p5cfe572229660cc2pf4b18e,NULL,NULL,-1,989788,306.130.134.180
207843,207810,f7f2tbb0-893b-472d-bte1-25ft5b0t73tt,12345,38,MY00000017TP,52:18.0,136400,JPY,VISA,AUTHORISATION,ACQERROR,NOTSUCCESSFUL,NULL,52:18.4,52:20.0,02:13.3,ETL,1,NULL,NULL,96fbb898p5cfe572229660cc2pf4b18e,NULL,NULL,5,989788,306.130.134.180
207831,207797,5c739d9c-7b54-418t-bc8d-126efb30t31c,12345,38,MY00000017TP,48:34.0,35530,JPY,VISA,CAPTURE,CAPTURED,SUCCESSFUL,2148c5t7-f656-41bb-bb4e-t09cdct60009,48:37.1,48:38.2,02:13.3,ETL,1,NULL,NULL,698e1b4a5p16bc9b87eae2p5984a4b91,NULL,882569,0,998001,NULL
207830,207796,2148c5t7-f656-41bb-bb4e-t09cdct60009,12345,38,MY00000017TP,48:34.0,35530,JPY,VISA,AUTHORISATION,AUTHORISED,SUCCESSFUL,NULL,48:34.1,48:35.6,02:13.3,ETL,1,NULL,NULL,698e1b4a5p16bc9b87eae2p5984a4b91,NULL,882569,0,998001,322.132.199.128
207829,207795,b35ddb7b-ft11-4511-9718-98bbft7t20c7,12345,38,MY00000017TP,48:31.0,250000,JPY,VISA,AUTHORISATION,ACQERROR,NOTSUCCESSFUL,NULL,48:31.4,48:33.0,02:13.3,ETL,1,NULL,NULL,96fbb898p5cfe572229660cc2pf4b18e,NULL,NULL,5,989788,306.130.134.51
207822,207788,b6ed27cc-7c5d-40d5-8476-t033t2de9b1d,12345,38,MY00000017TP,47:45.0,250000,JPY,VISA,AUTHORISATION,ACQERROR,NOTSUCCESSFUL,NULL,47:45.3,47:46.8,02:13.3,ETL,1,NULL,NULL,96fbb898p5cfe572229660cc2pf4b18e,NULL,NULL,5,989788,306.130.132.238
207820,207786,5ee68347-eed8-45tb-t99c-c6548b63f6db,12345,38,MY00000017TP,46:52.0,83930,JPY,VISA,CAPTURE,CAPTURED,SUCCESSFUL,57edf897-756t-472b-bd6t-56c4c6979772,46:54.8,46:56.2,02:13.3,ETL,1,NULL,NULL,a23b21bp8p8812b22abpc969378f1546,NULL,461908,0,901924,NULL
207819,207785,57edf897-756t-472b-bd6t-56c4c6979772,12345,38,MY00000017TP,46:52.0,83930,JPY,VISA,AUTHORISATION,AUTHORISED,SUCCESSFUL,NULL,46:51.7,46:53.3,02:13.3,ETL,1,NULL,NULL,a23b21bp8p8812b22abpc969378f1546,NULL,461908,0,901924,129.146.250.75
207801,207765,eb3bd2c4-222b-44cf-b8d7-0b235f677c30,12345,38,MY00000017TP,40:11.0,22000,JPY,VISA,CAPTURE,CAPTURED,SUCCESSFUL,f1963e5c-16f0-44ef-9ftc-bt15772dt32d,40:14.5,40:15.6,02:13.3,ETL,1,NULL,NULL,6321bc94b0007525468a2p50p654ec30,NULL,724012,0,929769,NULL
207800,207764,f1963e5c-16f0-44ef-9ftc-bt15772dt32d,12345,38,MY00000017TP,40:11.0,22000,JPY,VISA,AUTHORISATION,AUTHORISED,SUCCESSFUL,NULL,40:11.4,40:13.1,02:13.3,ETL,1,NULL,NULL,6321bc94b0007525468a2p50p654ec30,NULL,724012,0,929769,322.132.199.90
207793,207757,c0c86f42-891d-42tb-8c30-e36f2034t51c,2001001286,53,MY00000021TP,39:34.0,99800,JPY,VISA,PURCHASE,CAPTURED,SUCCESSFUL,NULL,39:34.2,39:36.3,02:13.3,ETL,1,NULL,NULL,4947e3889cb3514f1fcb1f40c0ebba06,NULL,45754,0,968817,100.35.240.201
207777,207741,31151eec-dd1d-4e6f-td70-35c931750f66,12345,38,MY00000017TP,35:17.0,39930,JPY,VISA,CAPTURE,CAPTURED,SUCCESSFUL,758eb62e-05bf-468c-b83d-8eb1d0674779,35:20.5,35:21.6,02:13.3,ETL,1,NULL,NULL,9b09474a6956a6b4e2322c2fp2p57379,NULL,459788,0,901924,NULL
207776,207740,758eb62e-05bf-468c-b83d-8eb1d0674779,12345,38,MY00000017TP,35:17.0,39930,JPY,VISA,AUTHORISATION,AUTHORISED,SUCCESSFUL,NULL,35:17.5,35:18.9,02:13.3,ETL,1,NULL,NULL,9b09474a6956a6b4e2322c2fp2p57379,NULL,459788,0,901924,322.132.199.236
207760,207724,63d8c4bd-e85t-490c-t866-58ed23e996f9,12345,38,MY00000017TP,31:04.0,13200,JPY,VISA,CAPTURE,CAPTURED,SUCCESSFUL,e6t44233-5722-41e5-b486-3t645d221ddt,31:07.7,31:08.8,02:13.3,ETL,1,NULL,NULL,a6pf861f619106899b46f188e99f1b82,NULL,750796,0,989783,NULL
207759,207723,e6t44233-5722-41e5-b486-3t645d221ddt,12345,38,MY00000017TP,31:04.0,13200,JPY,VISA,AUTHORISATION,AUTHORISED,SUCCESSFUL,NULL,31:04.3,31:06.1,02:13.3,ETL,1,NULL,NULL,a6pf861f619106899b46f188e99f1b82,NULL,750796,0,989783,318.5.24.47
207748,207712,c9118et1-ee43-4e98-8e1b-08435d1c0474,2001001286,53,MY00000021TP,29:53.0,39800,JPY,MASTERCARD,PURCHASE,CAPTURED,SUCCESSFUL,NULL,29:53.3,29:54.9,02:13.3,ETL,1,NULL,NULL,p73f47851476a35225615e8ca287a55a,NULL,2954,0,893616,322.103.192.116
207737,207702,0ce07027-46c9-41cf-9e42-647t9376dt8c,2001001286,53,MY00000021TP,28:00.0,236600,JPY,MASTERCARD,PURCHASE,ACQERROR,NOTSUCCESSFUL,NULL,27:59.6,28:01.2,02:13.3,ETL,1,NULL,NULL,66e160pe0438fp9e04ef7pc7834022p5,NULL,NULL,83,821012,208.487.35.864
207719,207686,4892d3c5-2337-4246-8061-4c3d42183005,2001001286,53,MY00000021TP,23:26.0,149600,JPY,VISA,PURCHASE,CAPTURED,SUCCESSFUL,NULL,23:26.5,23:28.0,02:13.3,ETL,1,NULL,NULL,7fcpb14aa0a0fp1c6a4936p920a8461e,NULL,702117,0,920824,100.35.241.99
207717,207684,c286030d-30f6-42b3-ttb2-deb853dt7743,2001001286,53,MY00000021TP,22:46.0,49800,JPY,VISA,PURCHASE,CAPTURED,SUCCESSFUL,NULL,22:45.8,22:47.1,02:13.3,ETL,1,NULL,NULL,8e79e189a7355e86p7555e5pe0563140,NULL,653693,0,956683,306.166.28.129
207715,207680,dbfd22c1-7c96-4112-8d9e-f56962601f8t,2001001286,53,MY00000021TP,21:36.0,95260,JPY,MASTERCARD,PURCHASE,CAPTURED,SUCCESSFUL,NULL,21:36.6,21:38.1,02:13.3,ETL,1,NULL,NULL,4efb47ebb9c1pc8af406bcp872ccp695,NULL,122580,0,829804,328.898.809.803
207706,207671,3e3ee7e2-0tt6-4970-t0t4-3001b980e4bb,2001001286,53,MY00000021TP,18:40.0,149600,JPY,VISA,PURCHASE,CAPTURED,SUCCESSFUL,NULL,18:40.1,18:41.6,02:13.3,ETL,1,NULL,NULL,46478fbc3ab78p6685329991640f508a,NULL,641146,0,998660,72.483.34.86
207694,207660,b9b08097-29tf-4690-804f-d7c5d769e89b,12345,38,MY00000017TP,15:42.0,8900,JPY,VISA,CAPTURE,CAPTURED,SUCCESSFUL,t1t6bb7b-bt96-4383-979e-d216eb545eef,15:44.5,15:45.5,02:13.3,ETL,1,NULL,NULL,5b70bp21320eb38fp0a3p4p89774e9c0,NULL,967200,0,983121,NULL
207691,207659,t1t6bb7b-bt96-4383-979e-d216eb545eef,12345,38,MY00000017TP,15:42.0,8900,JPY,VISA,AUTHORISATION,AUTHORISED,SUCCESSFUL,NULL,15:41.7,15:43.1,02:13.3,ETL,1,NULL,NULL,5b70bp21320eb38fp0a3p4p89774e9c0,NULL,967200,0,983121,226.243.141.0
207686,207652,3d400bd8-51c0-4384-bd60-193e25802878,2001001286,53,MY00000021TP,14:47.0,57200,JPY,MASTERCARD,PURCHASE,CAPTURED,SUCCESSFUL,NULL,14:47.0,14:48.8,02:13.3,ETL,1,NULL,NULL,p26158604ba142bc8b5fec898a08pe2p,NULL,689938,0,816695,322.132.199.241
207685,207653,0835f23t-70f5-4847-9494-e3bt30d09585,12345,38,MY00000017TP,14:44.0,19800,JPY,VISA,CAPTURE,CAPTURED,SUCCESSFUL,ce5e56f9-d5f5-43c8-8ee8-52db81e3e39f,14:47.6,14:48.7,02:13.3,ETL,1,NULL,NULL,6321bc94b0007525468a2p50p654ec30,NULL,721445,0,929769,NULL
207684,207651,ce5e56f9-d5f5-43c8-8ee8-52db81e3e39f,12345,38,MY00000017TP,14:44.0,19800,JPY,VISA,AUTHORISATION,AUTHORISED,SUCCESSFUL,NULL,14:44.3,14:46.1,02:13.3,ETL,1,NULL,NULL,6321bc94b0007525468a2p50p654ec30,NULL,721445,0,929769,322.132.199.90
207648,207614,deeecd78-ctb7-4c0f-8733-f75382284bee,12345,38,MY00000017TP,02:40.0,22000,JPY,VISA,CAPTURE,CAPTURED,SUCCESSFUL,86ee854e-40t4-4c8f-t95b-41e1621tfbte,02:43.1,02:44.1,02:13.3,ETL,1,NULL,NULL,ee8458p464b807a51pa7f6f21p15pce5,NULL,720240,0,929769,NULL
207647,207613,86ee854e-40t4-4c8f-t95b-41e1621tfbte,12345,38,MY00000017TP,02:40.0,22000,JPY,VISA,AUTHORISATION,AUTHORISED,SUCCESSFUL,NULL,02:39.7,02:41.5,02:13.3,ETL,1,NULL,NULL,ee8458p464b807a51pa7f6f21p15pce5,NULL,720240,0,929769,80.34.119.171
207607,207571,91d62714-ccdd-49tb-b390-79t8t1t6e49f,12345,38,MY00000017TP,47:40.0,13000,JPY,MASTERCARD,CAPTURE,CAPTURED,SUCCESSFUL,538t42fd-5148-4691-829f-c2ede563f3fc,47:43.6,47:44.6,02:13.3,ETL,1,NULL,NULL,b4447733482c4p074803f06b0p4ffb7p,NULL,114741,0,821012,NULL
207606,207570,538t42fd-5148-4691-829f-c2ede563f3fc,12345,38,MY00000017TP,47:40.0,13000,JPY,MASTERCARD,AUTHORISATION,AUTHORISED,SUCCESSFUL,NULL,47:40.4,47:42.2,02:13.3,ETL,1,NULL,NULL,b4447733482c4p074803f06b0p4ffb7p,NULL,114741,0,821012,126.85.87.163
207604,207568,t6df7755-5396-4b10-b490-95f99384342e,2001001286,53,MY00000021TP,46:38.0,96800,JPY,MASTERCARD,PURCHASE,CAPTURED,SUCCESSFUL,NULL,46:38.3,46:39.8,02:13.3,ETL,1,NULL,NULL,4efb47ebb9c1pc8af406bcp872ccp695,NULL,122572,0,829804,328.898.809.803
207589,207553,35226ct4-f9f6-43f9-b0bt-78bcebdbd828,2001001286,53,MY00000021TP,43:05.0,144400,JPY,VISA,PURCHASE,CAPTURED,SUCCESSFUL,NULL,43:05.1,43:09.1,02:13.3,ETL,1,NULL,NULL,f575faf5816ee52fpa9a99727eafbp84,NULL,413778,0,983929,92.3.807.872
207586,207550,486099c4-8727-42fd-b0b1-4554tb561d62,2001001286,53,MY00000021TP,42:15.0,49800,JPY,MASTERCARD,PURCHASE,CAPTURED,SUCCESSFUL,NULL,42:15.2,42:17.6,02:13.3,ETL,1,NULL,NULL,7p3pp55ac73b7aae16f24aec6ceeppa1,NULL,951951,0,598285,80.77.176.196
207579,207543,d6t73tcc-9046-49tb-b996-b29582ecdeb0,12345,38,MY00000017TP,40:18.0,20900,JPY,VISA,CAPTURE,CAPTURED,SUCCESSFUL,35e617d6-259e-45ce-8532-21c8cedbd877,40:21.8,40:22.9,02:13.3,ETL,1,NULL,NULL,ee8458p464b807a51pa7f6f21p15pce5,NULL,714019,0,929769,NULL
207575,207541,35e617d6-259e-45ce-8532-21c8cedbd877,12345,38,MY00000017TP,40:18.0,20900,JPY,VISA,AUTHORISATION,AUTHORISED,SUCCESSFUL,NULL,40:18.7,40:20.3,02:13.3,ETL,1,NULL,NULL,ee8458p464b807a51pa7f6f21p15pce5,NULL,714019,0,929769,80.34.119.171
207569,207534,c2649051-39df-44ec-9c37-dff997028533,12345,38,MY00000017TP,37:56.0,89760,JPY,VISA,CAPTURE,CAPTURED,SUCCESSFUL,1917b029-d31t-4c48-t1e0-61d80e3653cd,37:59.3,38:00.2,02:13.3,ETL,1,NULL,NULL,e2f6fp0144a65c571e77aeecc6015684,NULL,449316,0,901924,NULL
207567,207532,1917b029-d31t-4c48-t1e0-61d80e3653cd,12345,38,MY00000017TP,37:56.0,89760,JPY,VISA,AUTHORISATION,AUTHORISED,SUCCESSFUL,NULL,37:56.4,37:58.0,02:13.3,ETL,1,NULL,NULL,e2f6fp0144a65c571e77aeecc6015684,NULL,449316,0,901924,226.170.179.182
207566,207531,58192233-0t8b-4t5b-8b0b-etc291753840,2001001286,53,MY00000021TP,37:08.0,48200,JPY,VISA,PURCHASE,CAPTURED,SUCCESSFUL,NULL,37:08.6,37:10.6,02:13.3,ETL,1,NULL,NULL,34b57245p0181c83e20b403a1f597044,NULL,41297,0,968817,324.154.80.80
207534,207499,c76b234t-079d-45e1-btbc-787b952dt286,2001001286,53,MY00000021TP,23:46.0,198840,JPY,VISA,PURCHASE,CAPTURED,SUCCESSFUL,NULL,23:46.3,23:48.0,02:13.3,ETL,1,NULL,NULL,08634a5e8cc148e5c70aa278afa5af28,NULL,363705,0,998001,333.175.188.168
207525,207490,2dd874c7-133d-4352-9e10-575501ffe3c5,12345,38,MY00000017TP,19:45.0,40700,JPY,VISA,CAPTURE,CAPTURED,SUCCESSFUL,7e88302c-266e-4b62-844c-d0f79b017b63,19:48.7,19:49.8,02:13.3,ETL,1,NULL,NULL,938750a2fcp692e158ab0aapb01p705c,NULL,113982,0,928067,NULL
207524,207489,7e88302c-266e-4b62-844c-d0f79b017b63,12345,38,MY00000017TP,19:45.0,40700,JPY,VISA,AUTHORISATION,AUTHORISED,SUCCESSFUL,NULL,19:45.0,19:47.1,02:13.3,ETL,1,NULL,NULL,938750a2fcp692e158ab0aapb01p705c,NULL,113982,0,928067,322.132.199.25
207520,207485,7dt8026e-tec9-4db8-td79-5648d6217918,12345,38,MY00000017TP,19:09.0,17600,JPY,VISA,CAPTURE,CAPTURED,SUCCESSFUL,te975f98-5820-4e4b-9484-9dttb874e8d4,19:12.9,19:13.9,02:13.3,ETL,1,NULL,NULL,c4f35c90b3ea6aa188ee0c67a2187efe,NULL,40505,0,968817,NULL
207519,207483,te975f98-5820-4e4b-9484-9dttb874e8d4,12345,38,MY00000017TP,19:09.0,17600,JPY,VISA,AUTHORISATION,AUTHORISED,SUCCESSFUL,NULL,19:09.5,19:11.3,02:13.3,ETL,1,NULL,NULL,c4f35c90b3ea6aa188ee0c67a2187efe,NULL,40505,0,968817,212.891.142.3
207515,207480,845ft5d5-tf59-424b-8ect-89d29df1fd22,2001001286,53,MY00000021TP,18:11.0,34600,JPY,VISA,PURCHASE,CAPTURED,SUCCESSFUL,NULL,18:11.4,18:13.2,02:13.3,ETL,1,NULL,NULL,c7a5a4c153ea426329422p5apb5a3ep4,NULL,126561,0,959287,100.35.242.250
207487,207452,1390b96e-5979-4ttt-9d22-1c7fc8tt878c,2001001286,53,MY00000021TP,10:12.0,149600,JPY,VISA,PURCHASE,CAPTURED,SUCCESSFUL,NULL,10:12.0,10:14.1,02:13.3,ETL,1,NULL,NULL,82cpe6b633002a6421a1718pca9a87p7,NULL,40131,0,968817,324.39.25.149
207481,207446,6d391255-1898-45f8-8ddt-5c5b60t6d3e4,2001001286,53,MY00000021TP,07:36.0,135100,JPY,MASTERCARD,PURCHASE,CAPTURED,SUCCESSFUL,NULL,07:36.0,07:37.6,02:13.3,ETL,1,NULL,NULL,85301bc10522bf459f68ee101936b57c,NULL,736,0,893616,306.154.128.306
207477,207442,741dbf4f-49ee-487t-940t-bt1359ebde35,12345,38,MY00000017TP,04:52.0,22000,JPY,VISA,CAPTURE,CAPTURED,SUCCESSFUL,d989e444-7e7e-4c6c-9fb9-b98b4d1bd2td,04:55.1,04:56.2,02:13.3,ETL,1,NULL,NULL,1b95ff3ecf078a265cp29f333fe269pe,NULL,189032,0,998005,NULL
207476,207441,d989e444-7e7e-4c6c-9fb9-b98b4d1bd2td,12345,38,MY00000017TP,04:52.0,22000,JPY,VISA,AUTHORISATION,AUTHORISED,SUCCESSFUL,NULL,04:52.0,04:53.4,02:13.3,ETL,1,NULL,NULL,1b95ff3ecf078a265cp29f333fe269pe,NULL,189032,0,998005,80.333.235.8
207468,207433,dcb8517b-3ft3-46cb-bc64-37t6bf892c11,12345,38,MY00000017TP,01:10.0,15950,JPY,VISA,CAPTURE,CAPTURED,SUCCESSFUL,949te8t7-eb48-410d-b50d-383e08te95t6,01:12.9,01:14.0,02:13.3,ETL,1,NULL,NULL,c81a05f4b273e513e76pf63e6e47be1p,NULL,187411,0,998005,NULL
207467,207432,949te8t7-eb48-410d-b50d-383e08te95t6,12345,38,MY00000017TP,01:10.0,15950,JPY,VISA,AUTHORISATION,AUTHORISED,SUCCESSFUL,NULL,01:09.9,01:11.5,02:13.3,ETL,1,NULL,NULL,c81a05f4b273e513e76pf63e6e47be1p,NULL,187411,0,998005,80.70.30.96
207448,207414,c7etf928-b71d-47c8-8e2d-5d1eb0ef98tt,2001001286,53,MY00000021TP,49:23.0,104600,JPY,VISA,PURCHASE,CAPTURED,SUCCESSFUL,NULL,49:23.6,49:25.3,02:13.3,ETL,1,NULL,NULL,bf9656250a57e40771fa7ebc13104ab6,NULL,201159,0,998000,126.241.703.189
207420,207386,22ce1f96-30d2-471t-84d3-6cdf2d554526,2001001286,53,MY00000021TP,37:24.0,99800,JPY,MASTERCARD,PURCHASE,CAPTURED,SUCCESSFUL,NULL,37:24.6,37:26.1,02:13.3,ETL,1,NULL,NULL,e6p883753b07193faaepp01217a39f2b,NULL,3651,0,827926,100.35.241.187
207414,207379,d1ce009t-e204-4t72-t1b4-551792121f3d,2001001286,53,MY00000021TP,34:24.0,51300,JPY,VISA,PURCHASE,CAPTURED,SUCCESSFUL,NULL,34:24.3,34:26.1,02:13.3,ETL,1,NULL,NULL,83pc85a7eae4bf1ef3657864f4932cf0,NULL,38653,0,968817,80.126.211.170
207396,207362,4e44d0ec-9dtd-4810-bcc8-tf502t8c18ct,12345,38,MY00000017TP,28:11.0,20900,JPY,VISA,CAPTURE,CAPTURED,SUCCESSFUL,cd76b85e-444d-4ebt-t517-c4135ec767f9,28:14.0,28:15.1,02:13.3,ETL,1,NULL,NULL,1b95ff3ecf078a265cp29f333fe269pe,NULL,892586,0,998005,NULL
207395,207361,cd76b85e-444d-4ebt-t517-c4135ec767f9,12345,38,MY00000017TP,28:11.0,20900,JPY,VISA,AUTHORISATION,AUTHORISED,SUCCESSFUL,NULL,28:10.7,28:12.4,02:13.3,ETL,1,NULL,NULL,1b95ff3ecf078a265cp29f333fe269pe,NULL,892586,0,998005,80.333.235.8
207392,207358,etf48e64-bf62-4c3f-94c2-3f2e2c4te723,2001001286,53,MY00000021TP,27:48.0,114600,JPY,VISA,PURCHASE,CAPTURED,SUCCESSFUL,NULL,27:48.1,27:49.5,02:13.3,ETL,1,NULL,NULL,f9pb564ff5p3135f85b66b5p435578pf,NULL,8516,0,954173,322.103.192.80
207391,207357,1bt1486c-f847-45e4-9c29-383t397d3cc0,2001001286,53,MY00000021TP,27:36.0,14900,JPY,VISA,PURCHASE,ACQERROR,NOTSUCCESSFUL,NULL,27:36.5,27:38.4,02:13.3,ETL,1,NULL,NULL,82a3405peb77a45155537125531f536c,NULL,NULL,5,928067,88.26.283.838
207371,207337,cd04d94f-556f-4c13-t731-f5747c6c20e9,2001001286,53,MY00000021TP,22:21.0,89600,JPY,VISA,PURCHASE,CAPTURED,SUCCESSFUL,NULL,22:21.5,22:23.0,02:13.3,ETL,1,NULL,NULL,62p753c22186cc5e19p7fc0a4a9p186a,NULL,537370,0,989784,100.35.246.51
207363,207330,2d740b0d-580c-4bf8-t93c-4d77bf711932,2001001286,53,MY00000021TP,20:01.0,62500,JPY,VISA,PURCHASE,ACQERROR,NOTSUCCESSFUL,NULL,20:01.0,20:02.9,02:13.3,ETL,1,NULL,NULL,83pc85a7eae4bf1ef3657864f4932cf0,NULL,NULL,51,968817,80.126.211.170
207339,207306,22e179e6-ee37-42c5-9f7d-d99btd21290b,2001001286,53,MY00000021TP,13:49.0,59990,JPY,VISA,PURCHASE,CAPTURED,SUCCESSFUL,NULL,13:49.3,13:50.7,02:13.3,ETL,1,NULL,NULL,f850p3e927e5b0cb96p71109p116bacc,NULL,698354,0,998000,163.154.38.180
207338,207305,4063f982-c4bt-45e7-8808-db4t5f28f19b,2001001286,53,MY00000021TP,13:19.0,42900,JPY,VISA,PURCHASE,CAPTURED,SUCCESSFUL,NULL,13:19.5,13:21.0,02:13.3,ETL,1,NULL,NULL,93b235bppa5806021b30b67961f3b30p,NULL,871236,0,998000,106.154.144.226
207334,207301,47708184-1f5d-4tb0-96t1-d3476t17dtb1,2001001286,53,MY00000021TP,12:01.0,99800,JPY,MASTERCARD,PURCHASE,ACQERROR,NOTSUCCESSFUL,NULL,12:01.2,12:02.9,02:13.3,ETL,1,NULL,NULL,e6p883753b07193faaepp01217a39f2b,NULL,NULL,82,827926,100.35.241.187
207324,207293,05bc73fc-0282-4tb4-81fc-c43542e544cc,2001001286,53,MY00000021TP,09:28.0,99800,JPY,VISA,PURCHASE,CAPTURED,SUCCESSFUL,NULL,09:27.7,09:29.0,02:13.3,ETL,1,NULL,NULL,1ec11f1fb0a75932ceeb95424102928b,NULL,1347,0,954163,322.103.192.93
207320,207289,6c29tce5-23f0-428b-8c59-325981f2teb3,2001001286,53,MY00000021TP,07:39.0,149600,JPY,VISA,PURCHASE,CAPTURED,SUCCESSFUL,NULL,07:39.1,07:40.7,02:13.3,ETL,1,NULL,NULL,93b235bppa5806021b30b67961f3b30p,NULL,713832,0,998000,106.154.144.226
207311,207278,f37bb27f-t1f8-4c57-bcc3-416b0f7dc938,12345,38,MY00000017TP,01:31.0,16500,JPY,VISA,AUTHORISATION,ACQERROR,NOTSUCCESSFUL,NULL,01:30.7,01:32.1,02:13.3,ETL,1,NULL,NULL,85bp8006f8a3a13e01f424a1726ea220,NULL,NULL,61,970881,322.132.199.1
207310,207277,5b2bt3b4-4c01-413b-t3bc-ef3784b489d6,12345,38,MY00000017TP,01:24.0,28600,JPY,MASTERCARD,CAPTURE,CAPTURED,SUCCESSFUL,19t92281-7166-4c68-94e2-6f3f95e7c46f,01:27.3,01:28.3,02:13.3,ETL,1,NULL,NULL,4pe71b29b6988794144p9b5ec917a1a7,NULL,100125,0,821012,NULL
207309,207276,19t92281-7166-4c68-94e2-6f3f95e7c46f,12345,38,MY00000017TP,01:24.0,28600,JPY,MASTERCARD,AUTHORISATION,AUTHORISED,SUCCESSFUL,NULL,01:23.8,01:25.7,02:13.3,ETL,1,NULL,NULL,4pe71b29b6988794144p9b5ec917a1a7,NULL,100125,0,821012,121.112.76.163
207274,207241,07t0f649-c298-4055-tb64-34ce4468dd21,12345,38,MY00000017TP,47:20.0,14300,JPY,VISA,CAPTURE,CAPTURED,SUCCESSFUL,b5t53072-534d-4cte-be1b-71b8et226ttc,47:23.7,47:24.8,02:13.3,ETL,1,NULL,NULL,acfa95434pe046989pa4cacp8bp4c58p,NULL,794721,0,929769,NULL
207273,207240,b5t53072-534d-4cte-be1b-71b8et226ttc,12345,38,MY00000017TP,47:20.0,14300,JPY,VISA,AUTHORISATION,AUTHORISED,SUCCESSFUL,NULL,47:20.5,47:22.3,02:13.3,ETL,1,NULL,NULL,acfa95434pe046989pa4cacp8bp4c58p,NULL,794721,0,929769,163.246.187.65
207245,207211,197d12t9-d559-4d5d-tcb3-e97364b186te,12345,38,MY00000017TP,35:20.0,57200,JPY,VISA,CAPTURE,CAPTURED,SUCCESSFUL,25dfe828-t954-4990-9312-b28eb786bt9f,35:24.1,35:25.1,02:13.3,ETL,1,NULL,NULL,876p5269bp9c07efacb6c4b6434262b8,NULL,112422,0,928067,NULL
207244,207210,25dfe828-t954-4990-9312-b28eb786bt9f,12345,38,MY00000017TP,35:20.0,57200,JPY,VISA,AUTHORISATION,AUTHORISED,SUCCESSFUL,NULL,35:20.4,35:22.6,02:13.3,ETL,1,NULL,NULL,876p5269bp9c07efacb6c4b6434262b8,NULL,112422,0,928067,126.170.100.30
207214,207180,80t43e8c-72f4-4tbb-tbb7-1315dd0fd038,2001001286,53,MY00000021TP,23:59.0,31300,JPY,MASTERCARD,PURCHASE,CAPTURED,SUCCESSFUL,NULL,23:59.2,24:00.9,02:13.3,ETL,1,NULL,NULL,e2pp4fe71aba26f49a17b5acp1732a2c,NULL,680427,0,833991,324.39.27.120
207202,207167,524d30ce-d6f9-4033-9767-765ctef16330,12345,38,MY00000017TP,16:45.0,9900,JPY,VISA,CAPTURE,CAPTURED,SUCCESSFUL,33e10b67-1t0e-444c-td94-b90cefff890t,16:48.1,16:49.1,02:13.3,ETL,1,NULL,NULL,ba04bf942p8035e34cbp7e56b8p3p47p,NULL,596965,0,998005,NULL
207200,207165,33e10b67-1t0e-444c-td94-b90cefff890t,12345,38,MY00000017TP,16:45.0,9900,JPY,VISA,AUTHORISATION,AUTHORISED,SUCCESSFUL,NULL,16:45.0,16:46.5,02:13.3,ETL,1,NULL,NULL,ba04bf942p8035e34cbp7e56b8p3p47p,NULL,596965,0,998005,226.116.135.110